Sales Person	Country	Product	Date	Amount	Boxes Shipped	Month	price per box	Sales Categories
Jehu Rudeforth	UK	Mint Chip Choco	1/4/2022	5320	180	January	29.6	Medium Sales
Van Tuxwell	India	85% Dark Bars	8/1/2022	7896	94	August	84	Medium Sales
Gigi Bohling	India	Peanut Butter Cubes	7/7/2022	4501	91	July	49.5	Low Sales
Jan Morforth	Australia	Peanut Butter Cubes	4/27/2022	12726	342	April	37.2	High Sales
Jehu Rudeforth	UK	Peanut Butter Cubes	2/24/2022	13685	184	February	74.4	High Sales
Van Tuxwell	India	Smooth Sliky Salty	6/6/2022	5376	38	June	141.5	Medium Sales
Oby Sorrel	UK	99% Dark & Pure	1/25/2022	13685	176	January	77.8	High Sales
Gunar Cockshoot	Australia	After Nines	3/24/2022	3080	73	March	42.2	Low Sales
Jehu Rudeforth	New Zealand	50% Dark Bites	4/20/2022	3990	59	April	67.6	Low Sales
Brien Boise	Australia	99% Dark & Pure	7/4/2022	2835	102	July	27.8	Low Sales
Rafaelita Blaksland	UK	Smooth Sliky Salty	1/13/2022	4704	62	January	75.9	Low Sales
Barr Faughny	USA	Orange Choco	3/10/2022	3703	11	March	336.6	Low Sales
Mallorie Waber	Canada	Eclairs	1/13/2022	1442	286	January	5	Low Sales
Karlen McCaffrey	New Zealand	Drinking Coco	7/28/2022	168	156	July	1.1	Low Sales
Marney O'Breen	New Zealand	Peanut Butter Cubes	8/3/2022	8379	173	August	48.4	Medium Sales
Beverie Moffet	Australia	Organic Choco Syrup	1/26/2022	6790	356	January	19.1	Medium Sales
Van Tuxwell	Canada	Organic Choco Syrup	2/14/2022	4067	42	February	96.8	Low Sales
Roddy Speechley	USA	Smooth Sliky Salty	4/5/2022	3017	140	April	21.6	Low Sales
Beverie Moffet	Canada	Milk Bars	2/16/2022	8799	250	February	35.2	Medium Sales
Curtice Advani	UK	85% Dark Bars	6/8/2022	1085	172	June	6.3	Low Sales
Brien Boise	Australia	Eclairs	6/27/2022	6888	88	June	78.3	Medium Sales
Gunar Cockshoot	USA	Spicy Special Slims	2/17/2022	1267	157	February	8.1	Low Sales
Marney O'Breen	USA	After Nines	5/30/2022	4753	163	May	29.2	Low Sales
Husein Augar	UK	Drinking Coco	3/14/2022	3003	113	March	26.6	Low Sales
Kaine Padly	Australia	Eclairs	2/28/2022	7672	115	February	66.7	Medium Sales
Karlen McCaffrey	India	Fruit & Nut Bars	1/26/2022	168	321	January	0.5	Low Sales
Roddy Speechley	Canada	Spicy Special Slims	2/9/2022	1652	186	February	8.9	Low Sales
Husein Augar	USA	Eclairs	7/7/2022	4025	112	July	35.9	Low Sales
Dennison Crosswaite	New Zealand	White Choc	7/5/2022	9492	151	July	62.9	Medium Sales
Dennison Crosswaite	New Zealand	Manuka Honey Choco	6/15/2022	5061	301	June	16.8	Medium Sales
Van Tuxwell	New Zealand	85% Dark Bars	5/24/2022	1722	121	May	14.2	Low Sales
Rafaelita Blaksland	UK	99% Dark & Pure	6/29/2022	12446	150	June	83	High Sales
Wilone O'Kielt	Australia	Manuka Honey Choco	5/11/2022	4284	94	May	45.6	Low Sales
Karlen McCaffrey	UK	Almond Choco	6/30/2022	6839	133	June	51.4	Medium Sales
Andria Kimpton	Canada	After Nines	5/11/2022	2163	70	May	30.9	Low Sales
Roddy Speechley	USA	Manuka Honey Choco	7/22/2022	9583	315	July	30.4	Medium Sales
Andria Kimpton	UK	50% Dark Bites	8/24/2022	2653	314	August	8.4	Low Sales
Kelci Walkden	New Zealand	After Nines	7/7/2022	147	72	July	2	Low Sales
Camilla Castle	Australia	85% Dark Bars	5/19/2022	3654	14	May	261	Low Sales
Karlen McCaffrey	India	Manuka Honey Choco	7/4/2022	2443	581	July	4.2	Low Sales
Kelci Walkden	USA	After Nines	6/2/2022	938	16	June	58.6	Low Sales
Karlen McCaffrey	USA	Raspberry Choco	4/15/2022	14749	354	April	41.7	High Sales
Mallorie Waber	Canada	Choco Coated Almonds	7/11/2022	4781	241	July	19.8	Low Sales
Andria Kimpton	India	Spicy Special Slims	2/23/2022	6307	142	February	44.4	Medium Sales
Madelene Upcott	Canada	Almond Choco	8/22/2022	7602	102	August	74.5	Medium Sales
Kaine Padly	USA	Peanut Butter Cubes	2/16/2022	6790	188	February	36.1	Medium Sales
Van Tuxwell	USA	50% Dark Bites	1/13/2022	9737	160	January	60.9	Medium Sales
Curtice Advani	Australia	Milk Bars	2/14/2022	6979	18	February	387.7	Medium Sales
Roddy Speechley	India	Eclairs	6/10/2022	4382	303	June	14.5	Low Sales
Curtice Advani	India	Fruit & Nut Bars	7/7/2022	5243	176	July	29.8	Medium Sales
Curtice Advani	Canada	Almond Choco	3/24/2022	4865	70	March	69.5	Low Sales
Brien Boise	Australia	Fruit & Nut Bars	6/6/2022	8575	23	June	372.8	Medium Sales
Dotty Strutley	Australia	Drinking Coco	7/19/2022	91	135	July	0.7	Low Sales
Beverie Moffet	USA	Raspberry Choco	4/19/2022	14798	83	April	178.3	High Sales
Marney O'Breen	India	85% Dark Bars	7/19/2022	2205	179	July	12.3	Low Sales
Jehu Rudeforth	Canada	Drinking Coco	7/15/2022	441	24	July	18.4	Low Sales
Ches Bonnell	New Zealand	Spicy Special Slims	2/14/2022	3556	18	February	197.6	Low Sales
Brien Boise	Canada	99% Dark & Pure	5/18/2022	16793	416	May	40.4	High Sales
Barr Faughny	Australia	Fruit & Nut Bars	6/30/2022	15421	55	June	280.4	High Sales
Andria Kimpton	Australia	50% Dark Bites	6/2/2022	4438	227	June	19.6	Low Sales
Andria Kimpton	Australia	Drinking Coco	6/28/2022	1603	48	June	33.4	Low Sales
Marney O'Breen	Australia	Organic Choco Syrup	5/16/2022	273	174	May	1.6	Low Sales
Kelci Walkden	Canada	Baker's Choco Chips	5/26/2022	3073	302	May	10.2	Low Sales
Karlen McCaffrey	India	Almond Choco	7/6/2022	6090	149	July	40.9	Medium Sales
Oby Sorrel	India	99% Dark & Pure	5/27/2022	10255	11	May	932.3	High Sales
Wilone O'Kielt	Australia	Caramel Stuffed Bars	4/14/2022	2030	11	April	184.5	Low Sales
Van Tuxwell	Australia	Organic Choco Syrup	8/10/2022	19453	14	August	1389.5	High Sales
Camilla Castle	India	50% Dark Bites	7/4/2022	9275	411	July	22.6	Medium Sales
Oby Sorrel	India	Organic Choco Syrup	7/8/2022	6181	56	July	110.4	Medium Sales
Jan Morforth	USA	Peanut Butter Cubes	7/22/2022	9037	102	July	88.6	Medium Sales
Gigi Bohling	USA	Choco Coated Almonds	3/2/2022	12313	103	March	119.5	High Sales
Gigi Bohling	UK	Almond Choco	1/10/2022	5642	9	January	626.9	Medium Sales
Jehu Rudeforth	New Zealand	White Choc	3/11/2022	2800	241	March	11.6	Low Sales
Andria Kimpton	New Zealand	Peanut Butter Cubes	6/20/2022	959	265	June	3.6	Low Sales
Van Tuxwell	UK	Organic Choco Syrup	8/26/2022	2002	214	August	9.4	Low Sales
Roddy Speechley	Canada	Milk Bars	7/13/2022	609	32	July	19	Low Sales
Camilla Castle	USA	Spicy Special Slims	2/11/2022	1274	244	February	5.2	Low Sales
Marney O'Breen	USA	Orange Choco	1/27/2022	7595	181	January	42	Medium Sales
Van Tuxwell	UK	99% Dark & Pure	1/31/2022	4725	137	January	34.5	Low Sales
Camilla Castle	USA	White Choc	8/18/2022	9681	24	August	403.4	Medium Sales
Andria Kimpton	USA	Raspberry Choco	6/30/2022	14504	21	June	690.7	High Sales
Dotty Strutley	Australia	Fruit & Nut Bars	8/23/2022	280	311	August	0.9	Low Sales
Brien Boise	New Zealand	Mint Chip Choco	8/1/2022	63	181	August	0.3	Low Sales
Roddy Speechley	New Zealand	After Nines	5/25/2022	8001	10	May	800.1	Medium Sales
Roddy Speechley	Canada	Organic Choco Syrup	1/10/2022	4032	82	January	49.2	Low Sales
Dennison Crosswaite	Australia	70% Dark Bites	2/7/2022	5859	108	February	54.3	Medium Sales
Karlen McCaffrey	USA	Orange Choco	5/12/2022	11095	401	May	27.7	High Sales
Madelene Upcott	Australia	Spicy Special Slims	3/7/2022	7182	408	March	17.6	Medium Sales
Dennison Crosswaite	Australia	85% Dark Bars	4/5/2022	6881	420	April	16.4	Medium Sales
Andria Kimpton	Canada	Caramel Stuffed Bars	1/3/2022	7154	348	January	20.6	Medium Sales
Dennison Crosswaite	UK	Eclairs	3/24/2022	6188	270	March	22.9	Medium Sales
Madelene Upcott	India	Raspberry Choco	7/7/2022	4221	9	July	469	Low Sales
Van Tuxwell	USA	After Nines	7/26/2022	630	264	July	2.4	Low Sales
Wilone O'Kielt	Australia	Organic Choco Syrup	7/7/2022	1743	111	July	15.7	Low Sales
Karlen McCaffrey	Canada	50% Dark Bites	7/15/2022	2919	65	July	44.9	Low Sales
Roddy Speechley	New Zealand	Orange Choco	4/1/2022	49	97	April	0.5	Low Sales
Beverie Moffet	Australia	Eclairs	6/20/2022	1827	6	June	304.5	Low Sales
Kelci Walkden	UK	Fruit & Nut Bars	6/29/2022	13006	482	June	27	High Sales
Marney O'Breen	USA	50% Dark Bites	6/15/2022	1064	106	June	10	Low Sales
Husein Augar	USA	After Nines	4/8/2022	11571	180	April	64.3	High Sales
Dennison Crosswaite	Australia	Raspberry Choco	3/14/2022	5740	31	March	185.2	Medium Sales
Andria Kimpton	USA	Fruit & Nut Bars	7/15/2022	1456	359	July	4.1	Low Sales
Kelci Walkden	India	Eclairs	4/19/2022	5334	80	April	66.7	Medium Sales
Marney O'Breen	USA	99% Dark & Pure	3/28/2022	4151	296	March	14	Low Sales
Brien Boise	Canada	Spicy Special Slims	3/4/2022	8106	101	March	80.3	Medium Sales
Karlen McCaffrey	New Zealand	70% Dark Bites	8/2/2022	126	40	August	3.2	Low Sales
Husein Augar	UK	Spicy Special Slims	8/25/2022	4697	42	August	111.8	Low Sales
Marney O'Breen	USA	Almond Choco	2/25/2022	7798	167	February	46.7	Medium Sales
Kelci Walkden	India	Orange Choco	6/7/2022	9408	138	June	68.2	Medium Sales
Jan Morforth	India	Spicy Special Slims	4/12/2022	1939	520	April	3.7	Low Sales
Ches Bonnell	India	Spicy Special Slims	7/6/2022	10906	94	July	116	High Sales
Kelci Walkden	UK	Smooth Sliky Salty	1/19/2022	5929	175	January	33.9	Medium Sales
Madelene Upcott	Australia	Fruit & Nut Bars	1/5/2022	5579	92	January	60.6	Medium Sales
Madelene Upcott	Canada	70% Dark Bites	1/24/2022	10927	141	January	77.5	High Sales
Wilone O'Kielt	Australia	Drinking Coco	4/6/2022	623	283	April	2.2	Low Sales
Gunar Cockshoot	Australia	Fruit & Nut Bars	6/15/2022	6013	21	June	286.3	Medium Sales
Gigi Bohling	Canada	Baker's Choco Chips	1/28/2022	1505	47	January	32	Low Sales
Kelci Walkden	India	Caramel Stuffed Bars	3/16/2022	476	125	March	3.8	Low Sales
Rafaelita Blaksland	Australia	Drinking Coco	2/21/2022	11550	396	February	29.2	High Sales
Kelci Walkden	USA	Manuka Honey Choco	2/16/2022	17318	87	February	199.1	High Sales
Jehu Rudeforth	Canada	Spicy Special Slims	1/13/2022	1848	27	January	68.4	Low Sales
Kelci Walkden	Australia	Eclairs	3/23/2022	7273	547	March	13.3	Medium Sales
Curtice Advani	Canada	Spicy Special Slims	6/16/2022	854	118	June	7.2	Low Sales
Oby Sorrel	India	Raspberry Choco	4/14/2022	6832	46	April	148.5	Medium Sales
Kelci Walkden	UK	Eclairs	1/25/2022	4606	57	January	80.8	Low Sales
Jan Morforth	India	Almond Choco	3/11/2022	4466	22	March	203	Low Sales
Dotty Strutley	UK	Almond Choco	7/28/2022	16114	96	July	167.9	High Sales
Marney O'Breen	New Zealand	After Nines	3/9/2022	1561	44	March	35.5	Low Sales
Husein Augar	Australia	Orange Choco	6/28/2022	8897	188	June	47.3	Medium Sales
Marney O'Breen	Australia	Milk Bars	7/28/2022	2464	387	July	6.4	Low Sales
Kelci Walkden	Canada	99% Dark & Pure	8/15/2022	4830	50	August	96.6	Low Sales
Kaine Padly	Australia	Manuka Honey Choco	1/12/2022	2765	264	January	10.5	Low Sales
Beverie Moffet	New Zealand	White Choc	3/24/2022	7126	7	March	1018	Medium Sales
Van Tuxwell	UK	Milk Bars	7/25/2022	4263	90	July	47.4	Low Sales
Oby Sorrel	Canada	99% Dark & Pure	8/1/2022	3605	403	August	8.9	Low Sales
Van Tuxwell	India	Organic Choco Syrup	5/16/2022	19929	174	May	114.5	High Sales
Roddy Speechley	India	Smooth Sliky Salty	8/10/2022	5103	140	August	36.5	Medium Sales
Jan Morforth	India	Eclairs	1/5/2022	2541	27	January	94.1	Low Sales
Ches Bonnell	UK	Smooth Sliky Salty	7/11/2022	5663	110	July	51.5	Medium Sales
Wilone O'Kielt	USA	After Nines	4/25/2022	392	30	April	13.1	Low Sales
Gigi Bohling	New Zealand	Fruit & Nut Bars	4/4/2022	10976	121	April	90.7	High Sales
Barr Faughny	USA	Raspberry Choco	4/12/2022	9282	101	April	91.9	Medium Sales
Wilone O'Kielt	New Zealand	85% Dark Bars	8/2/2022	1827	117	August	15.6	Low Sales
Gigi Bohling	New Zealand	Manuka Honey Choco	6/28/2022	8267	272	June	30.4	Medium Sales
Ches Bonnell	Australia	Eclairs	7/5/2022	4116	128	July	32.2	Low Sales
Rafaelita Blaksland	New Zealand	Choco Coated Almonds	6/7/2022	2093	45	June	46.5	Low Sales
Brien Boise	New Zealand	Smooth Sliky Salty	1/18/2022	1015	27	January	37.6	Low Sales
Brien Boise	Australia	Baker's Choco Chips	1/4/2022	12516	212	January	59	High Sales
Dennison Crosswaite	Australia	99% Dark & Pure	1/31/2022	2758	18	January	153.2	Low Sales
Kelci Walkden	India	Almond Choco	3/14/2022	3297	149	March	22.1	Low Sales
Camilla Castle	Australia	70% Dark Bites	4/29/2022	6048	477	April	12.7	Medium Sales
Oby Sorrel	India	Smooth Sliky Salty	2/7/2022	10101	108	February	93.5	High Sales
Kaine Padly	UK	Organic Choco Syrup	3/31/2022	2282	178	March	12.8	Low Sales
Marney O'Breen	India	Caramel Stuffed Bars	3/16/2022	4361	81	March	53.8	Low Sales
Karlen McCaffrey	UK	Eclairs	1/25/2022	7798	196	January	39.8	Medium Sales
Van Tuxwell	India	Baker's Choco Chips	6/20/2022	3052	447	June	6.8	Low Sales
Gigi Bohling	UK	After Nines	3/29/2022	8029	175	March	45.9	Medium Sales
Curtice Advani	Australia	Orange Choco	7/12/2022	854	136	July	6.3	Low Sales
Jehu Rudeforth	Canada	Smooth Sliky Salty	7/11/2022	5460	138	July	39.6	Medium Sales
Karlen McCaffrey	Canada	Smooth Sliky Salty	1/19/2022	3017	184	January	16.4	Low Sales
Andria Kimpton	USA	85% Dark Bars	4/5/2022	8911	82	April	108.7	Medium Sales
Jehu Rudeforth	Canada	Milk Bars	2/21/2022	7203	12	February	600.3	Medium Sales
Rafaelita Blaksland	New Zealand	Caramel Stuffed Bars	5/20/2022	13083	14	May	934.5	High Sales
Mallorie Waber	Australia	Milk Bars	7/29/2022	2779	104	July	26.7	Low Sales
Barr Faughny	USA	Fruit & Nut Bars	1/28/2022	9058	46	January	196.9	Medium Sales
Marney O'Breen	UK	Caramel Stuffed Bars	7/19/2022	3549	112	July	31.7	Low Sales
Mallorie Waber	New Zealand	Manuka Honey Choco	4/13/2022	9436	11	April	857.8	Medium Sales
Roddy Speechley	India	Peanut Butter Cubes	2/11/2022	10283	21	February	489.7	High Sales
Roddy Speechley	New Zealand	Milk Bars	3/2/2022	5446	116	March	46.9	Medium Sales
Ches Bonnell	Australia	White Choc	3/2/2022	1043	202	March	5.2	Low Sales
Van Tuxwell	USA	99% Dark & Pure	7/28/2022	12586	6	July	2097.7	High Sales
Kelci Walkden	India	After Nines	1/7/2022	1687	520	January	3.2	Low Sales
Brien Boise	UK	White Choc	4/12/2022	5299	167	April	31.7	Medium Sales
Van Tuxwell	Canada	Almond Choco	6/27/2022	3213	72	June	44.6	Low Sales
Jehu Rudeforth	Australia	50% Dark Bites	1/14/2022	5194	418	January	12.4	Medium Sales
Karlen McCaffrey	UK	Baker's Choco Chips	2/7/2022	4753	389	February	12.2	Low Sales
Jehu Rudeforth	Australia	Orange Choco	3/23/2022	13706	26	March	527.2	High Sales
Marney O'Breen	India	Peanut Butter Cubes	1/10/2022	6489	146	January	44.4	Medium Sales
Oby Sorrel	UK	Choco Coated Almonds	3/17/2022	9324	41	March	227.4	Medium Sales
Gigi Bohling	USA	Spicy Special Slims	1/21/2022	10829	54	January	200.5	High Sales
Barr Faughny	Australia	White Choc	7/4/2022	8113	370	July	21.9	Medium Sales
Kaine Padly	Canada	Peanut Butter Cubes	7/4/2022	3269	176	July	18.6	Low Sales
Dotty Strutley	USA	Manuka Honey Choco	8/10/2022	273	210	August	1.3	Low Sales
Dennison Crosswaite	Australia	50% Dark Bites	4/1/2022	7287	12	April	607.3	Medium Sales
Gigi Bohling	India	Raspberry Choco	2/22/2022	2583	159	February	16.2	Low Sales
Camilla Castle	UK	White Choc	1/3/2022	9982	187	January	53.4	Medium Sales
Karlen McCaffrey	India	Drinking Coco	5/31/2022	4795	233	May	20.6	Low Sales
Dotty Strutley	UK	99% Dark & Pure	1/3/2022	9310	282	January	33	Medium Sales
Husein Augar	New Zealand	Caramel Stuffed Bars	1/27/2022	497	475	January	1	Low Sales
Barr Faughny	UK	50% Dark Bites	1/28/2022	581	65	January	8.9	Low Sales
Curtice Advani	Australia	Organic Choco Syrup	6/28/2022	3472	311	June	11.2	Low Sales
Husein Augar	UK	Choco Coated Almonds	3/2/2022	4333	43	March	100.8	Low Sales
Wilone O'Kielt	Australia	After Nines	5/27/2022	3325	26	May	127.9	Low Sales
Dennison Crosswaite	USA	Almond Choco	6/30/2022	11718	84	June	139.5	High Sales
Barr Faughny	Canada	Peanut Butter Cubes	6/7/2022	2100	78	June	26.9	Low Sales
Kaine Padly	USA	70% Dark Bites	5/12/2022	4018	100	May	40.2	Low Sales
Barr Faughny	New Zealand	Raspberry Choco	7/29/2022	6468	66	July	98	Medium Sales
Dennison Crosswaite	UK	White Choc	8/3/2022	7238	265	August	27.3	Medium Sales
Barr Faughny	India	Baker's Choco Chips	8/18/2022	6454	141	August	45.8	Medium Sales
Van Tuxwell	New Zealand	Smooth Sliky Salty	6/14/2022	3115	42	June	74.2	Low Sales
Beverie Moffet	UK	White Choc	6/30/2022	6475	76	June	85.2	Medium Sales
Camilla Castle	New Zealand	Mint Chip Choco	6/13/2022	1162	190	June	6.1	Low Sales
Ches Bonnell	UK	Orange Choco	4/27/2022	14238	54	April	263.7	High Sales
Jan Morforth	Australia	White Choc	7/27/2022	3472	32	July	108.5	Low Sales
Mallorie Waber	Canada	85% Dark Bars	4/20/2022	1428	424	April	3.4	Low Sales
Rafaelita Blaksland	India	Spicy Special Slims	1/4/2022	8064	134	January	60.2	Medium Sales
Ches Bonnell	Australia	Mint Chip Choco	2/21/2022	9660	92	February	105	Medium Sales
Karlen McCaffrey	Australia	White Choc	1/5/2022	7357	48	January	153.3	Medium Sales
Beverie Moffet	India	Drinking Coco	7/15/2022	6055	46	July	131.6	Medium Sales
Brien Boise	Australia	Choco Coated Almonds	5/25/2022	5124	62	May	82.6	Medium Sales
Karlen McCaffrey	Canada	Eclairs	4/20/2022	3479	358	April	9.7	Low Sales
Gigi Bohling	USA	99% Dark & Pure	6/2/2022	784	249	June	3.1	Low Sales
Marney O'Breen	UK	Smooth Sliky Salty	5/13/2022	18991	88	May	215.8	High Sales
Beverie Moffet	New Zealand	Baker's Choco Chips	8/3/2022	1372	144	August	9.5	Low Sales
Beverie Moffet	Australia	Milk Bars	5/25/2022	735	390	May	1.9	Low Sales
Van Tuxwell	UK	Raspberry Choco	3/16/2022	6538	79	March	82.8	Medium Sales
Jan Morforth	Australia	Orange Choco	7/4/2022	3199	122	July	26.2	Low Sales
Jehu Rudeforth	India	50% Dark Bites	7/5/2022	3472	135	July	25.7	Low Sales
Madelene Upcott	USA	After Nines	3/15/2022	4571	430	March	10.6	Low Sales
Barr Faughny	UK	Raspberry Choco	8/22/2022	5481	69	August	79.4	Medium Sales
Ches Bonnell	Australia	70% Dark Bites	1/12/2022	3136	125	January	25.1	Low Sales
Marney O'Breen	UK	Baker's Choco Chips	6/10/2022	252	154	June	1.6	Low Sales
Kaine Padly	Australia	Peanut Butter Cubes	3/25/2022	5460	286	March	19.1	Medium Sales
Rafaelita Blaksland	India	Almond Choco	7/27/2022	3395	99	July	34.3	Low Sales
Husein Augar	UK	Caramel Stuffed Bars	4/15/2022	14938	433	April	34.5	High Sales
Roddy Speechley	India	Orange Choco	6/27/2022	4053	19	June	213.3	Low Sales
Jehu Rudeforth	UK	70% Dark Bites	4/14/2022	5565	258	April	21.6	Medium Sales
Husein Augar	Australia	Manuka Honey Choco	3/15/2022	7161	92	March	77.8	Medium Sales
Madelene Upcott	USA	Eclairs	3/18/2022	8883	200	March	44.4	Medium Sales
Brien Boise	India	Eclairs	4/29/2022	1351	61	April	22.1	Low Sales
Mallorie Waber	New Zealand	White Choc	2/25/2022	3171	246	February	12.9	Low Sales
Husein Augar	USA	Milk Bars	3/2/2022	854	56	March	15.3	Low Sales
Van Tuxwell	Australia	Milk Bars	6/20/2022	7910	87	June	90.9	Medium Sales
Beverie Moffet	Canada	White Choc	7/15/2022	9275	173	July	53.6	Medium Sales
Dotty Strutley	Australia	50% Dark Bites	5/12/2022	3108	252	May	12.3	Low Sales
Mallorie Waber	New Zealand	Organic Choco Syrup	7/1/2022	5075	256	July	19.8	Medium Sales
Husein Augar	USA	85% Dark Bars	8/8/2022	378	54	August	7	Low Sales
Madelene Upcott	Australia	50% Dark Bites	7/25/2022	7350	6	July	1225	Medium Sales
Wilone O'Kielt	UK	Drinking Coco	5/18/2022	3388	55	May	61.6	Low Sales
Camilla Castle	India	Peanut Butter Cubes	7/15/2022	11837	277	July	42.7	High Sales
Curtice Advani	India	70% Dark Bites	7/5/2022	2282	44	July	51.9	Low Sales
Mallorie Waber	USA	Manuka Honey Choco	7/4/2022	5425	96	July	56.5	Medium Sales
Dotty Strutley	UK	70% Dark Bites	6/20/2022	1267	216	June	5.9	Low Sales
Gunar Cockshoot	Australia	Almond Choco	1/25/2022	3752	424	January	8.8	Low Sales
Kaine Padly	New Zealand	Spicy Special Slims	7/1/2022	7728	37	July	208.9	Medium Sales
Gigi Bohling	USA	50% Dark Bites	4/13/2022	2296	59	April	38.9	Low Sales
Beverie Moffet	UK	Smooth Sliky Salty	5/4/2022	4403	76	May	57.9	Low Sales
Beverie Moffet	Australia	Baker's Choco Chips	8/4/2022	3192	109	August	29.3	Low Sales
Beverie Moffet	India	70% Dark Bites	6/1/2022	448	146	June	3.1	Low Sales
Jehu Rudeforth	UK	Choco Coated Almonds	4/22/2022	4270	185	April	23.1	Low Sales
Kaine Padly	USA	50% Dark Bites	8/3/2022	70	27	August	2.6	Low Sales
Ches Bonnell	USA	Orange Choco	6/10/2022	1743	69	June	25.3	Low Sales
Gunar Cockshoot	UK	Manuka Honey Choco	6/27/2022	6762	46	June	147	Medium Sales
Marney O'Breen	Australia	Smooth Sliky Salty	1/3/2022	3745	170	January	22	Low Sales
Marney O'Breen	India	After Nines	7/11/2022	2639	179	July	14.7	Low Sales
Ches Bonnell	New Zealand	Milk Bars	8/17/2022	4389	126	August	34.8	Low Sales
Rafaelita Blaksland	USA	Fruit & Nut Bars	1/18/2022	2604	65	January	40.1	Low Sales
Ches Bonnell	India	Organic Choco Syrup	3/8/2022	16569	99	March	167.4	High Sales
Mallorie Waber	Australia	Orange Choco	3/7/2022	14658	275	March	53.3	High Sales
Husein Augar	India	70% Dark Bites	5/9/2022	6454	157	May	41.1	Medium Sales
Barr Faughny	New Zealand	85% Dark Bars	5/23/2022	2100	157	May	13.4	Low Sales
Madelene Upcott	UK	Caramel Stuffed Bars	4/15/2022	161	145	April	1.1	Low Sales
Gigi Bohling	Australia	Drinking Coco	7/27/2022	2807	139	July	20.2	Low Sales
Marney O'Breen	Canada	Choco Coated Almonds	8/22/2022	2639	406	August	6.5	Low Sales
Ches Bonnell	USA	70% Dark Bites	5/11/2022	4571	122	May	37.5	Low Sales
Madelene Upcott	India	Organic Choco Syrup	1/26/2022	4781	38	January	125.8	Low Sales
Barr Faughny	USA	50% Dark Bites	4/14/2022	13034	117	April	111.4	High Sales
Dennison Crosswaite	New Zealand	Mint Chip Choco	4/5/2022	6454	417	April	15.5	Medium Sales
Marney O'Breen	New Zealand	Smooth Sliky Salty	6/14/2022	8484	57	June	148.8	Medium Sales
Brien Boise	Canada	Almond Choco	4/13/2022	4781	125	April	38.2	Low Sales
Beverie Moffet	Australia	White Choc	6/27/2022	2240	166	June	13.5	Low Sales
Dotty Strutley	Australia	Eclairs	1/26/2022	6979	3	January	2326.3	Medium Sales
Barr Faughny	UK	White Choc	7/5/2022	1652	72	July	22.9	Low Sales
Beverie Moffet	Canada	Baker's Choco Chips	1/11/2022	13447	95	January	141.5	High Sales
Kelci Walkden	USA	White Choc	3/7/2022	9422	22	March	428.3	Medium Sales
Kaine Padly	Canada	50% Dark Bites	3/4/2022	8687	100	March	86.9	Medium Sales
Karlen McCaffrey	Canada	Organic Choco Syrup	7/15/2022	2415	312	July	7.7	Low Sales
Kaine Padly	UK	Peanut Butter Cubes	5/11/2022	6272	86	May	72.9	Medium Sales
Karlen McCaffrey	USA	Milk Bars	1/27/2022	4389	7	January	627	Low Sales
Karlen McCaffrey	India	Orange Choco	6/27/2022	3122	149	June	21	Low Sales
Ches Bonnell	India	Smooth Sliky Salty	8/3/2022	8043	18	August	446.8	Medium Sales
Wilone O'Kielt	New Zealand	Mint Chip Choco	8/19/2022	11662	242	August	48.2	High Sales
Wilone O'Kielt	Australia	Fruit & Nut Bars	6/15/2022	392	102	June	3.8	Low Sales
Dennison Crosswaite	UK	Peanut Butter Cubes	2/7/2022	8925	158	February	56.5	Medium Sales
Karlen McCaffrey	Australia	Almond Choco	7/8/2022	7294	128	July	57	Medium Sales
Dennison Crosswaite	India	Milk Bars	4/21/2022	1526	96	April	15.9	Low Sales
Ches Bonnell	UK	Mint Chip Choco	4/8/2022	2688	209	April	12.9	Low Sales
Husein Augar	Australia	50% Dark Bites	8/19/2022	14889	52	August	286.3	High Sales
Jan Morforth	India	Fruit & Nut Bars	5/4/2022	2912	55	May	52.9	Low Sales
Mallorie Waber	USA	85% Dark Bars	5/11/2022	2632	108	May	24.4	Low Sales
Mallorie Waber	USA	Eclairs	3/22/2022	6328	51	March	124.1	Medium Sales
Dennison Crosswaite	Canada	Spicy Special Slims	8/10/2022	2527	216	August	11.7	Low Sales
Dennison Crosswaite	USA	Fruit & Nut Bars	5/4/2022	1414	318	May	4.4	Low Sales
Kelci Walkden	USA	99% Dark & Pure	8/18/2022	7714	238	August	32.4	Medium Sales
Dotty Strutley	Canada	Raspberry Choco	8/3/2022	4347	238	August	18.3	Low Sales
Marney O'Breen	New Zealand	Milk Bars	1/14/2022	7490	315	January	23.8	Medium Sales
Madelene Upcott	Australia	Choco Coated Almonds	4/8/2022	2058	72	April	28.6	Low Sales
Kelci Walkden	UK	Orange Choco	8/1/2022	3640	3	August	1213.3	Low Sales
Dennison Crosswaite	Canada	Eclairs	3/15/2022	455	45	March	10.1	Low Sales
Karlen McCaffrey	India	Mint Chip Choco	7/15/2022	10990	184	July	59.7	High Sales
Barr Faughny	New Zealand	Almond Choco	1/13/2022	5558	127	January	43.8	Medium Sales
Mallorie Waber	Australia	85% Dark Bars	8/26/2022	2541	53	August	47.9	Low Sales
Ches Bonnell	Canada	Eclairs	1/10/2022	1876	172	January	10.9	Low Sales
Gigi Bohling	Australia	White Choc	5/11/2022	5523	87	May	63.5	Medium Sales
Beverie Moffet	New Zealand	85% Dark Bars	8/30/2022	11200	22	August	509.1	High Sales
Kaine Padly	USA	Caramel Stuffed Bars	7/21/2022	5593	122	July	45.8	Medium Sales
Mallorie Waber	Australia	Almond Choco	8/1/2022	7882	125	August	63.1	Medium Sales
Brien Boise	Canada	85% Dark Bars	2/17/2022	10241	259	February	39.5	High Sales
Brien Boise	Australia	Drinking Coco	7/27/2022	6832	156	July	43.8	Medium Sales
Dotty Strutley	USA	Orange Choco	2/23/2022	1379	107	February	12.9	Low Sales
Rafaelita Blaksland	Australia	50% Dark Bites	3/22/2022	3010	40	March	75.3	Low Sales
Dennison Crosswaite	India	99% Dark & Pure	6/23/2022	6888	311	June	22.1	Medium Sales
Curtice Advani	UK	White Choc	2/1/2022	1540	73	February	21.1	Low Sales
Kelci Walkden	Australia	After Nines	3/2/2022	6916	288	March	24	Medium Sales
Gigi Bohling	UK	Fruit & Nut Bars	4/6/2022	1232	86	April	14.3	Low Sales
Gunar Cockshoot	Australia	Raspberry Choco	3/17/2022	602	72	March	8.4	Low Sales
Curtice Advani	UK	Fruit & Nut Bars	6/24/2022	10927	136	June	80.3	High Sales
Barr Faughny	Canada	50% Dark Bites	7/19/2022	10185	303	July	33.6	High Sales
Curtice Advani	USA	Spicy Special Slims	7/11/2022	1603	264	July	6.1	Low Sales
Brien Boise	India	Almond Choco	1/13/2022	2170	218	January	10	Low Sales
Oby Sorrel	New Zealand	Smooth Sliky Salty	7/7/2022	8673	60	July	144.6	Medium Sales
Jan Morforth	India	85% Dark Bars	5/25/2022	4760	418	May	11.4	Low Sales
Marney O'Breen	India	Fruit & Nut Bars	4/13/2022	4753	151	April	31.5	Low Sales
Andria Kimpton	New Zealand	50% Dark Bites	3/2/2022	3374	202	March	16.7	Low Sales
Gunar Cockshoot	Canada	Raspberry Choco	6/23/2022	2058	126	June	16.3	Low Sales
Kelci Walkden	USA	Drinking Coco	7/26/2022	6454	160	July	40.3	Medium Sales
Van Tuxwell	Canada	White Choc	3/22/2022	420	3	March	140	Low Sales
Rafaelita Blaksland	USA	Baker's Choco Chips	6/9/2022	2863	58	June	49.4	Low Sales
Van Tuxwell	Australia	Caramel Stuffed Bars	5/17/2022	5936	59	May	100.6	Medium Sales
Ches Bonnell	New Zealand	Peanut Butter Cubes	3/4/2022	889	273	March	3.3	Low Sales
Kelci Walkden	Canada	Milk Bars	7/7/2022	16016	28	July	572	High Sales
Dennison Crosswaite	Canada	Choco Coated Almonds	1/13/2022	10479	118	January	88.8	High Sales
Curtice Advani	Australia	Almond Choco	7/13/2022	2912	75	July	38.8	Low Sales
Madelene Upcott	Australia	85% Dark Bars	6/16/2022	1575	329	June	4.8	Low Sales
Gigi Bohling	UK	50% Dark Bites	7/18/2022	8197	69	July	118.8	Medium Sales
Ches Bonnell	UK	Manuka Honey Choco	5/30/2022	4221	395	May	10.7	Low Sales
Gigi Bohling	UK	70% Dark Bites	6/21/2022	840	81	June	10.4	Low Sales
Jehu Rudeforth	Australia	Peanut Butter Cubes	6/24/2022	5691	38	June	149.8	Medium Sales
Marney O'Breen	India	Eclairs	1/13/2022	3472	96	January	36.2	Low Sales
Curtice Advani	Canada	Fruit & Nut Bars	4/4/2022	4193	195	April	21.5	Low Sales
Kaine Padly	UK	Smooth Sliky Salty	6/8/2022	9016	554	June	16.3	Medium Sales
Karlen McCaffrey	Canada	Spicy Special Slims	8/2/2022	6328	47	August	134.6	Medium Sales
Kelci Walkden	USA	Organic Choco Syrup	7/21/2022	9870	152	July	64.9	Medium Sales
Curtice Advani	India	Spicy Special Slims	6/20/2022	161	134	June	1.2	Low Sales
Roddy Speechley	India	After Nines	6/22/2022	2576	112	June	23	Low Sales
Camilla Castle	Australia	Caramel Stuffed Bars	5/2/2022	3178	16	May	198.6	Low Sales
Curtice Advani	Australia	99% Dark & Pure	1/7/2022	4676	84	January	55.7	Low Sales
Mallorie Waber	UK	50% Dark Bites	2/21/2022	5502	99	February	55.6	Medium Sales
Ches Bonnell	Canada	Baker's Choco Chips	3/21/2022	7462	371	March	20.1	Medium Sales
Van Tuxwell	UK	Drinking Coco	4/4/2022	5803	136	April	42.7	Medium Sales
Gunar Cockshoot	Canada	Fruit & Nut Bars	3/24/2022	13888	203	March	68.4	High Sales
Gunar Cockshoot	New Zealand	Spicy Special Slims	6/28/2022	6867	183	June	37.5	Medium Sales
Gunar Cockshoot	Australia	Drinking Coco	1/14/2022	2317	195	January	11.9	Low Sales
Karlen McCaffrey	New Zealand	Fruit & Nut Bars	2/7/2022	1218	135	February	9	Low Sales
Dennison Crosswaite	New Zealand	Drinking Coco	1/11/2022	4109	197	January	20.9	Low Sales
Jehu Rudeforth	India	99% Dark & Pure	2/25/2022	1953	242	February	8.1	Low Sales
Dotty Strutley	Australia	Mint Chip Choco	8/1/2022	6790	25	August	271.6	Medium Sales
Roddy Speechley	Australia	Mint Chip Choco	5/5/2022	6797	252	May	27	Medium Sales
Madelene Upcott	New Zealand	Raspberry Choco	5/18/2022	9226	415	May	22.2	Medium Sales
Dotty Strutley	New Zealand	Choco Coated Almonds	1/4/2022	5733	348	January	16.5	Medium Sales
Roddy Speechley	New Zealand	50% Dark Bites	5/9/2022	4312	211	May	20.4	Low Sales
Rafaelita Blaksland	India	Smooth Sliky Salty	5/6/2022	1638	81	May	20.2	Low Sales
Husein Augar	UK	White Choc	1/13/2022	10815	145	January	74.6	High Sales
Roddy Speechley	Australia	Almond Choco	6/24/2022	4466	74	June	60.4	Low Sales
Van Tuxwell	USA	Caramel Stuffed Bars	2/14/2022	987	21	February	47	Low Sales
Camilla Castle	Australia	99% Dark & Pure	1/18/2022	4669	101	January	46.2	Low Sales
Kaine Padly	India	Milk Bars	5/2/2022	2905	91	May	31.9	Low Sales
Ches Bonnell	Australia	Smooth Sliky Salty	5/16/2022	7490	54	May	138.7	Medium Sales
Mallorie Waber	USA	Almond Choco	1/28/2022	6986	368	January	19	Medium Sales
Kaine Padly	Canada	99% Dark & Pure	6/24/2022	1288	409	June	3.1	Low Sales
Oby Sorrel	UK	After Nines	7/18/2022	2345	104	July	22.5	Low Sales
Gunar Cockshoot	UK	Eclairs	4/13/2022	3619	164	April	22.1	Low Sales
Dotty Strutley	USA	Caramel Stuffed Bars	4/15/2022	16982	76	April	223.4	High Sales
Jan Morforth	India	Peanut Butter Cubes	1/4/2022	8092	178	January	45.5	Medium Sales
Husein Augar	Australia	Eclairs	7/4/2022	6993	31	July	225.6	Medium Sales
Beverie Moffet	USA	Smooth Sliky Salty	3/24/2022	2317	352	March	6.6	Low Sales
Camilla Castle	Australia	Manuka Honey Choco	3/17/2022	637	169	March	3.8	Low Sales
Oby Sorrel	Australia	Almond Choco	2/15/2022	6034	223	February	27.1	Medium Sales
Jan Morforth	USA	Orange Choco	6/29/2022	980	146	June	6.7	Low Sales
Gigi Bohling	USA	Fruit & Nut Bars	5/24/2022	2821	112	May	25.2	Low Sales
Mallorie Waber	UK	Milk Bars	1/10/2022	3563	284	January	12.5	Low Sales
Curtice Advani	USA	Raspberry Choco	3/15/2022	2996	139	March	21.6	Low Sales
Marney O'Breen	Canada	Milk Bars	2/8/2022	2436	309	February	7.9	Low Sales
Brien Boise	India	Caramel Stuffed Bars	2/25/2022	1540	100	February	15.4	Low Sales
Gunar Cockshoot	USA	Eclairs	5/3/2022	6916	42	May	164.7	Medium Sales
Roddy Speechley	USA	Fruit & Nut Bars	6/14/2022	5509	24	June	229.5	Medium Sales
Gunar Cockshoot	India	50% Dark Bites	8/9/2022	12992	83	August	156.5	High Sales
Wilone O'Kielt	New Zealand	Manuka Honey Choco	7/11/2022	3724	234	July	15.9	Low Sales
Kaine Padly	UK	Manuka Honey Choco	1/14/2022	7133	118	January	60.4	Medium Sales
Van Tuxwell	Canada	Manuka Honey Choco	2/24/2022	8617	46	February	187.3	Medium Sales
Wilone O'Kielt	New Zealand	Almond Choco	3/15/2022	9198	144	March	63.9	Medium Sales
Oby Sorrel	New Zealand	Baker's Choco Chips	4/25/2022	11823	47	April	251.6	High Sales
Dennison Crosswaite	Australia	Organic Choco Syrup	5/10/2022	5775	41	May	140.9	Medium Sales
Marney O'Breen	Australia	Spicy Special Slims	6/23/2022	13125	275	June	47.7	High Sales
Beverie Moffet	Canada	Smooth Sliky Salty	2/28/2022	14287	370	February	38.6	High Sales
Brien Boise	USA	Organic Choco Syrup	5/25/2022	16233	138	May	117.6	High Sales
Roddy Speechley	New Zealand	Baker's Choco Chips	2/22/2022	5313	215	February	24.7	Medium Sales
Van Tuxwell	UK	85% Dark Bars	7/11/2022	3577	134	July	26.7	Low Sales
Marney O'Breen	Canada	Spicy Special Slims	1/3/2022	3528	336	January	10.5	Low Sales
Rafaelita Blaksland	New Zealand	70% Dark Bites	8/24/2022	679	280	August	2.4	Low Sales
Beverie Moffet	USA	50% Dark Bites	7/28/2022	2450	352	July	7	Low Sales
Brien Boise	USA	Mint Chip Choco	5/25/2022	10577	150	May	70.5	High Sales
Karlen McCaffrey	New Zealand	Eclairs	5/6/2022	2597	177	May	14.7	Low Sales
Barr Faughny	India	Drinking Coco	1/28/2022	2219	142	January	15.6	Low Sales
Marney O'Breen	UK	Orange Choco	6/6/2022	11319	12	June	943.3	High Sales
Brien Boise	New Zealand	Baker's Choco Chips	7/12/2022	5978	24	July	249.1	Medium Sales
Ches Bonnell	Canada	Spicy Special Slims	8/5/2022	5327	183	August	29.1	Medium Sales
Brien Boise	USA	Orange Choco	1/28/2022	6020	147	January	41	Medium Sales
Kaine Padly	India	Spicy Special Slims	8/31/2022	5614	137	August	41	Medium Sales
Mallorie Waber	USA	50% Dark Bites	4/19/2022	1736	13	April	133.5	Low Sales
Mallorie Waber	UK	Mint Chip Choco	6/29/2022	6384	2	June	3192	Medium Sales
Beverie Moffet	India	Choco Coated Almonds	2/24/2022	3577	261	February	13.7	Low Sales
Madelene Upcott	UK	Smooth Sliky Salty	3/4/2022	14539	84	March	173.1	High Sales
Gigi Bohling	India	Eclairs	6/21/2022	3493	68	June	51.4	Low Sales
Rafaelita Blaksland	Australia	Organic Choco Syrup	1/26/2022	994	105	January	9.5	Low Sales
Oby Sorrel	New Zealand	White Choc	6/10/2022	4361	40	June	109	Low Sales
Andria Kimpton	UK	Drinking Coco	5/23/2022	1554	65	May	23.9	Low Sales
Kelci Walkden	India	Milk Bars	4/15/2022	966	107	April	9	Low Sales
Karlen McCaffrey	New Zealand	Caramel Stuffed Bars	1/31/2022	5334	227	January	23.5	Medium Sales
Andria Kimpton	New Zealand	Organic Choco Syrup	3/4/2022	4935	39	March	126.5	Low Sales
Barr Faughny	New Zealand	After Nines	4/19/2022	10024	84	April	119.3	High Sales
Beverie Moffet	UK	Almond Choco	5/16/2022	2506	100	May	25.1	Low Sales
Oby Sorrel	Australia	Raspberry Choco	2/17/2022	1043	120	February	8.7	Low Sales
Dennison Crosswaite	USA	Raspberry Choco	1/18/2022	6524	257	January	25.4	Medium Sales
Roddy Speechley	Canada	Orange Choco	2/9/2022	8148	85	February	95.9	Medium Sales
Mallorie Waber	Canada	Orange Choco	3/23/2022	3577	178	March	20.1	Low Sales
Madelene Upcott	New Zealand	Caramel Stuffed Bars	2/1/2022	3374	151	February	22.3	Low Sales
Mallorie Waber	India	Drinking Coco	3/7/2022	3948	142	March	27.8	Low Sales
Ches Bonnell	UK	White Choc	1/3/2022	3269	226	January	14.5	Low Sales
Ches Bonnell	USA	White Choc	2/11/2022	5271	341	February	15.5	Medium Sales
Dennison Crosswaite	New Zealand	Orange Choco	3/16/2022	4571	140	March	32.7	Low Sales
Dotty Strutley	India	White Choc	8/15/2022	12327	330	August	37.4	High Sales
Gigi Bohling	India	Manuka Honey Choco	5/12/2022	4935	73	May	67.6	Low Sales
Van Tuxwell	India	Spicy Special Slims	4/11/2022	6167	4	April	1541.8	Medium Sales
Jan Morforth	New Zealand	Mint Chip Choco	6/30/2022	18340	285	June	64.4	High Sales
Dotty Strutley	New Zealand	White Choc	6/15/2022	7014	60	June	116.9	Medium Sales
Rafaelita Blaksland	Canada	Caramel Stuffed Bars	8/1/2022	7119	101	August	70.5	Medium Sales
Kaine Padly	USA	Milk Bars	6/15/2022	15491	58	June	267.1	High Sales
Brien Boise	India	After Nines	6/16/2022	5747	45	June	127.7	Medium Sales
Oby Sorrel	New Zealand	Raspberry Choco	5/13/2022	4550	281	May	16.2	Low Sales
Dennison Crosswaite	USA	Drinking Coco	5/10/2022	2191	138	May	15.9	Low Sales
Oby Sorrel	India	Eclairs	8/25/2022	5663	322	August	17.6	Medium Sales
Ches Bonnell	New Zealand	Organic Choco Syrup	7/15/2022	7623	85	July	89.7	Medium Sales
Gigi Bohling	UK	Baker's Choco Chips	5/16/2022	9023	409	May	22.1	Medium Sales
Jan Morforth	Australia	50% Dark Bites	6/14/2022	3402	182	June	18.7	Low Sales
Beverie Moffet	Australia	Smooth Sliky Salty	1/25/2022	10507	467	January	22.5	High Sales
Ches Bonnell	USA	Organic Choco Syrup	7/28/2022	7721	14	July	551.5	Medium Sales
Brien Boise	Canada	Mint Chip Choco	1/28/2022	5033	178	January	28.3	Medium Sales
Kaine Padly	UK	Orange Choco	6/29/2022	1960	191	June	10.3	Low Sales
Karlen McCaffrey	Australia	70% Dark Bites	6/24/2022	238	317	June	0.8	Low Sales
Gunar Cockshoot	Canada	Mint Chip Choco	7/1/2022	7756	410	July	18.9	Medium Sales
Roddy Speechley	USA	Peanut Butter Cubes	2/25/2022	1736	137	February	12.7	Low Sales
Curtice Advani	Canada	Smooth Sliky Salty	8/1/2022	2660	12	August	221.7	Low Sales
Oby Sorrel	Australia	Milk Bars	6/21/2022	7672	254	June	30.2	Medium Sales
Camilla Castle	New Zealand	Spicy Special Slims	1/25/2022	11564	24	January	481.8	High Sales
Gigi Bohling	UK	Milk Bars	5/17/2022	1365	232	May	5.9	Low Sales
Andria Kimpton	Australia	85% Dark Bars	8/23/2022	4186	233	August	18	Low Sales
Camilla Castle	Australia	Smooth Sliky Salty	3/3/2022	7406	118	March	62.8	Medium Sales
Roddy Speechley	India	Caramel Stuffed Bars	5/30/2022	8911	543	May	16.4	Medium Sales
Karlen McCaffrey	USA	Drinking Coco	6/29/2022	112	223	June	0.5	Low Sales
Andria Kimpton	Canada	Organic Choco Syrup	1/4/2022	8204	204	January	40.2	Medium Sales
Jehu Rudeforth	Australia	Drinking Coco	1/14/2022	2611	65	January	40.2	Low Sales
Karlen McCaffrey	USA	Mint Chip Choco	2/15/2022	15652	53	February	295.3	High Sales
Curtice Advani	New Zealand	Spicy Special Slims	1/10/2022	4074	469	January	8.7	Low Sales
Madelene Upcott	USA	White Choc	5/4/2022	12250	213	May	57.5	High Sales
Andria Kimpton	USA	Spicy Special Slims	5/23/2022	2366	5	May	473.2	Low Sales
Barr Faughny	New Zealand	Fruit & Nut Bars	4/26/2022	1687	147	April	11.5	Low Sales
Oby Sorrel	Canada	Organic Choco Syrup	7/5/2022	1232	74	July	16.6	Low Sales
Madelene Upcott	UK	Organic Choco Syrup	7/21/2022	6965	163	July	42.7	Medium Sales
Dotty Strutley	USA	Mint Chip Choco	2/21/2022	5292	248	February	21.3	Medium Sales
Kelci Walkden	USA	Orange Choco	2/3/2022	1379	138	February	10	Low Sales
Gigi Bohling	Australia	Caramel Stuffed Bars	7/8/2022	8001	151	July	53	Medium Sales
Mallorie Waber	India	50% Dark Bites	5/31/2022	588	139	May	4.2	Low Sales
Van Tuxwell	New Zealand	Mint Chip Choco	6/27/2022	4046	103	June	39.3	Low Sales
Van Tuxwell	India	50% Dark Bites	5/13/2022	5103	129	May	39.6	Medium Sales
Van Tuxwell	USA	Manuka Honey Choco	5/31/2022	2317	102	May	22.7	Low Sales
Wilone O'Kielt	USA	Orange Choco	2/28/2022	7042	37	February	190.3	Medium Sales
Barr Faughny	New Zealand	Eclairs	3/28/2022	6713	31	March	216.5	Medium Sales
Gigi Bohling	USA	After Nines	1/14/2022	1848	227	January	8.1	Low Sales
Barr Faughny	New Zealand	Mint Chip Choco	2/21/2022	6440	145	February	44.4	Medium Sales
Dennison Crosswaite	Canada	85% Dark Bars	8/1/2022	10885	90	August	120.9	High Sales
Beverie Moffet	New Zealand	Smooth Sliky Salty	5/19/2022	2387	59	May	40.5	Low Sales
Husein Augar	USA	White Choc	7/13/2022	2030	60	July	33.8	Low Sales
Andria Kimpton	Australia	Peanut Butter Cubes	4/20/2022	6678	148	April	45.1	Medium Sales
Dennison Crosswaite	India	85% Dark Bars	6/30/2022	4515	22	June	205.2	Low Sales
Curtice Advani	UK	50% Dark Bites	3/8/2022	3374	142	March	23.8	Low Sales
Gunar Cockshoot	USA	Fruit & Nut Bars	3/9/2022	5852	93	March	62.9	Medium Sales
Oby Sorrel	Canada	Raspberry Choco	6/16/2022	1750	208	June	8.4	Low Sales
Gigi Bohling	UK	Drinking Coco	6/30/2022	5782	42	June	137.7	Medium Sales
Kelci Walkden	India	Mint Chip Choco	7/28/2022	2870	120	July	23.9	Low Sales
Karlen McCaffrey	Canada	Peanut Butter Cubes	8/12/2022	3094	159	August	19.5	Low Sales
Barr Faughny	UK	Mint Chip Choco	7/7/2022	3724	316	July	11.8	Low Sales
Barr Faughny	USA	85% Dark Bars	8/25/2022	12761	47	August	271.5	High Sales
Husein Augar	Canada	Eclairs	1/17/2022	3696	233	January	15.9	Low Sales
Jan Morforth	Australia	70% Dark Bites	3/4/2022	5222	384	March	13.6	Medium Sales
Marney O'Breen	New Zealand	Fruit & Nut Bars	8/25/2022	8939	4	August	2234.8	Medium Sales
Ches Bonnell	UK	Peanut Butter Cubes	4/15/2022	2156	260	April	8.3	Low Sales
Kaine Padly	USA	Organic Choco Syrup	3/11/2022	2380	22	March	108.2	Low Sales
Camilla Castle	USA	Raspberry Choco	5/20/2022	3339	18	May	185.5	Low Sales
Brien Boise	New Zealand	Manuka Honey Choco	6/14/2022	14980	42	June	356.7	High Sales
Jehu Rudeforth	New Zealand	After Nines	4/14/2022	1512	73	April	20.7	Low Sales
Jehu Rudeforth	USA	Smooth Sliky Salty	7/7/2022	6657	154	July	43.2	Medium Sales
Madelene Upcott	India	Mint Chip Choco	8/24/2022	3836	71	August	54	Low Sales
Jehu Rudeforth	India	Eclairs	2/24/2022	8771	127	February	69.1	Medium Sales
Karlen McCaffrey	Canada	Raspberry Choco	5/9/2022	651	224	May	2.9	Low Sales
Kaine Padly	Australia	70% Dark Bites	2/8/2022	6706	223	February	30.1	Medium Sales
Roddy Speechley	UK	70% Dark Bites	3/24/2022	1421	284	March	5	Low Sales
Rafaelita Blaksland	USA	Drinking Coco	6/20/2022	8526	73	June	116.8	Medium Sales
Mallorie Waber	Canada	Manuka Honey Choco	3/7/2022	1435	112	March	12.8	Low Sales
Kaine Padly	Australia	Fruit & Nut Bars	6/20/2022	7434	85	June	87.5	Medium Sales
Oby Sorrel	New Zealand	Organic Choco Syrup	2/17/2022	15316	270	February	56.7	High Sales
Madelene Upcott	UK	99% Dark & Pure	1/26/2022	10479	45	January	232.9	High Sales
Madelene Upcott	Australia	Mint Chip Choco	5/2/2022	2751	153	May	18	Low Sales
Curtice Advani	Canada	99% Dark & Pure	7/7/2022	12586	7	July	1798	High Sales
Rafaelita Blaksland	Australia	Baker's Choco Chips	8/22/2022	2786	51	August	54.6	Low Sales
Karlen McCaffrey	Australia	After Nines	8/11/2022	2303	67	August	34.4	Low Sales
Marney O'Breen	UK	99% Dark & Pure	1/13/2022	8113	194	January	41.8	Medium Sales
Gunar Cockshoot	Australia	50% Dark Bites	3/2/2022	12271	116	March	105.8	High Sales
Marney O'Breen	Australia	Choco Coated Almonds	7/27/2022	11298	41	July	275.6	High Sales
Kelci Walkden	New Zealand	Drinking Coco	3/10/2022	15855	111	March	142.8	High Sales
Beverie Moffet	USA	85% Dark Bars	8/23/2022	12404	334	August	37.1	High Sales
Roddy Speechley	USA	Eclairs	4/25/2022	3990	155	April	25.7	Low Sales
Dennison Crosswaite	UK	Milk Bars	3/7/2022	10808	407	March	26.6	High Sales
Wilone O'Kielt	UK	Organic Choco Syrup	7/12/2022	4858	52	July	93.4	Low Sales
Madelene Upcott	USA	Orange Choco	5/16/2022	7742	138	May	56.1	Medium Sales
Gunar Cockshoot	India	Smooth Sliky Salty	3/2/2022	3752	70	March	53.6	Low Sales
Marney O'Breen	New Zealand	85% Dark Bars	5/30/2022	1218	149	May	8.2	Low Sales
Marney O'Breen	UK	Manuka Honey Choco	6/10/2022	10983	179	June	61.4	High Sales
Brien Boise	USA	99% Dark & Pure	7/25/2022	6769	353	July	19.2	Medium Sales
Beverie Moffet	New Zealand	Mint Chip Choco	6/9/2022	4361	97	June	45	Low Sales
Dennison Crosswaite	USA	Milk Bars	5/12/2022	777	60	May	13	Low Sales
Gunar Cockshoot	USA	Drinking Coco	5/9/2022	3843	5	May	768.6	Low Sales
Brien Boise	Canada	Manuka Honey Choco	8/9/2022	6930	182	August	38.1	Medium Sales
Van Tuxwell	India	Choco Coated Almonds	4/13/2022	5733	114	April	50.3	Medium Sales
Andria Kimpton	USA	Caramel Stuffed Bars	5/2/2022	8393	46	May	182.5	Medium Sales
Dotty Strutley	USA	99% Dark & Pure	8/9/2022	3822	320	August	11.9	Low Sales
Camilla Castle	Australia	Raspberry Choco	8/23/2022	6342	178	August	35.6	Medium Sales
Gunar Cockshoot	India	Spicy Special Slims	5/13/2022	6510	170	May	38.3	Medium Sales
Karlen McCaffrey	USA	Manuka Honey Choco	2/1/2022	10171	67	February	151.8	High Sales
Camilla Castle	USA	50% Dark Bites	6/23/2022	5908	301	June	19.6	Medium Sales
Madelene Upcott	UK	Choco Coated Almonds	5/24/2022	10164	134	May	75.9	High Sales
Jan Morforth	Canada	Mint Chip Choco	4/1/2022	1064	211	April	5	Low Sales
Camilla Castle	Canada	70% Dark Bites	7/27/2022	9716	151	July	64.3	Medium Sales
Ches Bonnell	India	Peanut Butter Cubes	1/27/2022	22050	208	January	106	Very High Sales
Jan Morforth	India	Choco Coated Almonds	8/12/2022	2541	134	August	19	Low Sales
Gigi Bohling	Canada	Almond Choco	2/1/2022	9989	49	February	203.9	Medium Sales
Rafaelita Blaksland	India	After Nines	3/2/2022	4739	204	March	23.2	Low Sales
Kelci Walkden	Australia	99% Dark & Pure	6/30/2022	3185	34	June	93.7	Low Sales
Dotty Strutley	Australia	Spicy Special Slims	1/17/2022	8225	91	January	90.4	Medium Sales
Brien Boise	USA	Milk Bars	7/7/2022	14301	130	July	110	High Sales
Mallorie Waber	New Zealand	Mint Chip Choco	1/31/2022	1316	107	January	12.3	Low Sales
Beverie Moffet	UK	99% Dark & Pure	8/10/2022	3486	121	August	28.8	Low Sales
Beverie Moffet	USA	Peanut Butter Cubes	8/18/2022	13930	339	August	41.1	High Sales
Brien Boise	New Zealand	White Choc	6/15/2022	5509	321	June	17.2	Medium Sales
Marney O'Breen	USA	Baker's Choco Chips	1/26/2022	8470	9	January	941.1	Medium Sales
Kelci Walkden	USA	Spicy Special Slims	4/29/2022	77	69	April	1.1	Low Sales
Mallorie Waber	Canada	White Choc	3/3/2022	3381	72	March	47	Low Sales
Kaine Padly	Australia	Almond Choco	2/22/2022	4102	392	February	10.5	Low Sales
Oby Sorrel	USA	Smooth Sliky Salty	3/4/2022	3577	158	March	22.6	Low Sales
Dennison Crosswaite	India	Smooth Sliky Salty	7/7/2022	2975	9	July	330.6	Low Sales
Camilla Castle	New Zealand	Caramel Stuffed Bars	6/17/2022	4137	347	June	11.9	Low Sales
Jan Morforth	Canada	Caramel Stuffed Bars	8/2/2022	9541	114	August	83.7	Medium Sales
Oby Sorrel	USA	Baker's Choco Chips	8/12/2022	8001	120	August	66.7	Medium Sales
Madelene Upcott	New Zealand	Peanut Butter Cubes	1/28/2022	5152	333	January	15.5	Medium Sales
Kelci Walkden	Australia	Orange Choco	4/29/2022	11116	432	April	25.7	High Sales
Marney O'Breen	Australia	Manuka Honey Choco	4/5/2022	13076	236	April	55.4	High Sales
Kaine Padly	Canada	Manuka Honey Choco	1/18/2022	10213	135	January	75.7	High Sales
Jehu Rudeforth	UK	Baker's Choco Chips	5/16/2022	2485	97	May	25.6	Low Sales
Kelci Walkden	Australia	White Choc	8/24/2022	8715	168	August	51.9	Medium Sales
Curtice Advani	India	85% Dark Bars	1/18/2022	273	402	January	0.7	Low Sales
Kaine Padly	USA	Eclairs	8/22/2022	7623	10	August	762.3	Medium Sales
Gunar Cockshoot	UK	99% Dark & Pure	3/7/2022	7	84	March	0.1	Low Sales
Beverie Moffet	UK	Choco Coated Almonds	3/4/2022	3010	69	March	43.6	Low Sales
Dotty Strutley	Canada	Manuka Honey Choco	4/22/2022	11550	111	April	104.1	High Sales
Kaine Padly	Australia	Milk Bars	6/9/2022	4046	89	June	45.5	Low Sales
Jan Morforth	Canada	Fruit & Nut Bars	7/25/2022	8904	199	July	44.7	Medium Sales
Jan Morforth	India	Smooth Sliky Salty	8/3/2022	11298	89	August	126.9	High Sales
Rafaelita Blaksland	Australia	Manuka Honey Choco	8/3/2022	4396	131	August	33.6	Low Sales
Jehu Rudeforth	UK	Milk Bars	5/3/2022	12068	227	May	53.2	High Sales
Husein Augar	Canada	After Nines	1/19/2022	9772	301	January	32.5	Medium Sales
Roddy Speechley	USA	50% Dark Bites	2/11/2022	10458	316	February	33.1	High Sales
Van Tuxwell	India	Almond Choco	6/14/2022	6426	390	June	16.5	Medium Sales
Kelci Walkden	USA	50% Dark Bites	3/23/2022	6188	223	March	27.7	Medium Sales
Madelene Upcott	Canada	85% Dark Bars	2/17/2022	7504	101	February	74.3	Medium Sales
Dennison Crosswaite	Canada	Smooth Sliky Salty	3/17/2022	1750	479	March	3.7	Low Sales
Mallorie Waber	Australia	Spicy Special Slims	6/29/2022	5439	287	June	19	Medium Sales
Ches Bonnell	Canada	Choco Coated Almonds	8/24/2022	15547	269	August	57.8	High Sales
Gigi Bohling	Canada	Spicy Special Slims	7/4/2022	11956	277	July	43.2	High Sales
Roddy Speechley	New Zealand	Almond Choco	3/28/2022	2723	67	March	40.6	Low Sales
Curtice Advani	India	Smooth Sliky Salty	4/19/2022	19327	135	April	143.2	High Sales
Ches Bonnell	New Zealand	Mint Chip Choco	1/18/2022	9058	229	January	39.6	Medium Sales
Van Tuxwell	New Zealand	Fruit & Nut Bars	1/17/2022	2996	88	January	34	Low Sales
Andria Kimpton	New Zealand	Mint Chip Choco	2/15/2022	8848	211	February	41.9	Medium Sales
Andria Kimpton	UK	Milk Bars	2/11/2022	14336	293	February	48.9	High Sales
Camilla Castle	USA	Manuka Honey Choco	3/21/2022	16401	179	March	91.6	High Sales
Gunar Cockshoot	New Zealand	Almond Choco	1/5/2022	5173	129	January	40.1	Medium Sales
Brien Boise	India	Raspberry Choco	5/30/2022	6328	164	May	38.6	Medium Sales
Jehu Rudeforth	USA	99% Dark & Pure	1/4/2022	2534	219	January	11.6	Low Sales
Beverie Moffet	Australia	Fruit & Nut Bars	4/22/2022	1435	258	April	5.6	Low Sales
Gigi Bohling	Canada	Milk Bars	2/10/2022	3052	116	February	26.3	Low Sales
Dotty Strutley	India	Spicy Special Slims	8/12/2022	910	204	August	4.5	Low Sales
Gunar Cockshoot	USA	Organic Choco Syrup	8/10/2022	2331	321	August	7.3	Low Sales
Kelci Walkden	Australia	Raspberry Choco	6/7/2022	679	56	June	12.1	Low Sales
Jehu Rudeforth	India	Baker's Choco Chips	6/6/2022	2086	74	June	28.2	Low Sales
Karlen McCaffrey	New Zealand	Baker's Choco Chips	4/5/2022	5012	189	April	26.5	Medium Sales
Wilone O'Kielt	USA	50% Dark Bites	4/18/2022	4501	131	April	34.4	Low Sales
Andria Kimpton	India	50% Dark Bites	1/31/2022	13482	15	January	898.8	High Sales
Madelene Upcott	USA	Baker's Choco Chips	8/22/2022	5621	140	August	40.2	Medium Sales
Jehu Rudeforth	Australia	99% Dark & Pure	2/25/2022	10486	198	February	53	High Sales
Jan Morforth	Australia	Mint Chip Choco	2/22/2022	17626	103	February	171.1	High Sales
Oby Sorrel	New Zealand	Milk Bars	1/12/2022	4494	187	January	24	Low Sales
Brien Boise	UK	Almond Choco	5/25/2022	105	125	May	0.8	Low Sales
Kelci Walkden	India	Smooth Sliky Salty	2/1/2022	2464	8	February	308	Low Sales
Rafaelita Blaksland	UK	Eclairs	4/27/2022	1379	70	April	19.7	Low Sales
Gigi Bohling	USA	Smooth Sliky Salty	7/22/2022	2583	126	July	20.5	Low Sales
Curtice Advani	New Zealand	Mint Chip Choco	1/26/2022	3220	265	January	12.2	Low Sales
Curtice Advani	USA	Mint Chip Choco	8/24/2022	4802	296	August	16.2	Low Sales
Madelene Upcott	New Zealand	Fruit & Nut Bars	1/18/2022	5677	21	January	270.3	Medium Sales
Karlen McCaffrey	India	85% Dark Bars	3/30/2022	945	83	March	11.4	Low Sales
Ches Bonnell	Australia	Caramel Stuffed Bars	1/17/2022	8757	162	January	54.1	Medium Sales
Kelci Walkden	USA	Fruit & Nut Bars	2/17/2022	4816	145	February	33.2	Low Sales
Kelci Walkden	Canada	Peanut Butter Cubes	4/8/2022	7532	44	April	171.2	Medium Sales
Gigi Bohling	Canada	Drinking Coco	7/6/2022	3549	82	July	43.3	Low Sales
Husein Augar	India	Fruit & Nut Bars	4/4/2022	4340	226	April	19.2	Low Sales
Jan Morforth	New Zealand	Organic Choco Syrup	3/2/2022	1799	207	March	8.7	Low Sales
Gigi Bohling	New Zealand	Raspberry Choco	8/9/2022	1127	176	August	6.4	Low Sales
Dennison Crosswaite	Australia	Milk Bars	6/9/2022	10038	286	June	35.1	High Sales
Ches Bonnell	UK	Caramel Stuffed Bars	6/2/2022	2926	300	June	9.8	Low Sales
Van Tuxwell	USA	Fruit & Nut Bars	7/5/2022	6279	235	July	26.7	Medium Sales
Andria Kimpton	Canada	Eclairs	8/11/2022	308	125	August	2.5	Low Sales
Madelene Upcott	India	Choco Coated Almonds	2/11/2022	3500	145	February	24.1	Low Sales
Kelci Walkden	New Zealand	Spicy Special Slims	8/11/2022	658	65	August	10.1	Low Sales
Roddy Speechley	Australia	Drinking Coco	5/12/2022	12565	102	May	123.2	High Sales
Wilone O'Kielt	USA	Milk Bars	7/15/2022	5012	93	July	53.9	Medium Sales
Andria Kimpton	India	Organic Choco Syrup	1/18/2022	3955	134	January	29.5	Low Sales
Madelene Upcott	UK	Fruit & Nut Bars	1/5/2022	8512	189	January	45	Medium Sales
Curtice Advani	Australia	50% Dark Bites	6/29/2022	504	232	June	2.2	Low Sales
Brien Boise	Canada	Raspberry Choco	6/14/2022	2800	45	June	62.2	Low Sales
Gunar Cockshoot	India	Mint Chip Choco	8/8/2022	4256	67	August	63.5	Low Sales
Dennison Crosswaite	India	Mint Chip Choco	3/23/2022	13573	138	March	98.4	High Sales
Barr Faughny	India	Caramel Stuffed Bars	1/4/2022	6566	99	January	66.3	Medium Sales
Brien Boise	India	Milk Bars	2/22/2022	13503	251	February	53.8	High Sales
Beverie Moffet	UK	Spicy Special Slims	2/17/2022	8680	252	February	34.4	Medium Sales
Barr Faughny	USA	Almond Choco	2/3/2022	385	78	February	4.9	Low Sales
Van Tuxwell	Canada	Raspberry Choco	3/17/2022	1267	130	March	9.7	Low Sales
Wilone O'Kielt	Australia	Baker's Choco Chips	1/25/2022	2961	154	January	19.2	Low Sales
Brien Boise	Australia	Milk Bars	7/27/2022	1981	52	July	38.1	Low Sales
Husein Augar	Australia	Fruit & Nut Bars	1/28/2022	7959	53	January	150.2	Medium Sales
Madelene Upcott	Australia	Organic Choco Syrup	7/5/2022	10794	50	July	215.9	High Sales
Van Tuxwell	India	White Choc	3/15/2022	1897	44	March	43.1	Low Sales
Gunar Cockshoot	Canada	After Nines	8/4/2022	2744	200	August	13.7	Low Sales
Jan Morforth	USA	Fruit & Nut Bars	6/27/2022	4382	361	June	12.1	Low Sales
Jan Morforth	Canada	After Nines	7/13/2022	4515	172	July	26.3	Low Sales
Barr Faughny	New Zealand	Manuka Honey Choco	2/24/2022	5474	239	February	22.9	Medium Sales
Karlen McCaffrey	New Zealand	85% Dark Bars	6/28/2022	6069	55	June	110.3	Medium Sales
Oby Sorrel	Australia	85% Dark Bars	6/30/2022	6944	27	June	257.2	Medium Sales
Curtice Advani	Canada	Choco Coated Almonds	8/18/2022	5859	7	August	837	Medium Sales
Kaine Padly	India	70% Dark Bites	1/24/2022	12173	301	January	40.4	High Sales
Beverie Moffet	USA	White Choc	3/11/2022	5292	134	March	39.5	Medium Sales
Ches Bonnell	New Zealand	After Nines	6/23/2022	5705	350	June	16.3	Medium Sales
Husein Augar	India	Spicy Special Slims	8/22/2022	2492	33	August	75.5	Low Sales
Gunar Cockshoot	Canada	50% Dark Bites	1/4/2022	3024	23	January	131.5	Low Sales
Curtice Advani	India	Milk Bars	4/5/2022	3437	201	April	17.1	Low Sales
Beverie Moffet	India	Milk Bars	4/15/2022	1869	323	April	5.8	Low Sales
Husein Augar	Australia	White Choc	5/11/2022	3171	220	May	14.4	Low Sales
Andria Kimpton	Canada	Manuka Honey Choco	7/21/2022	4858	488	July	10	Low Sales
Jan Morforth	New Zealand	Orange Choco	2/11/2022	1225	84	February	14.6	Low Sales
Andria Kimpton	Canada	Smooth Sliky Salty	7/8/2022	1155	79	July	14.6	Low Sales
Gunar Cockshoot	UK	Raspberry Choco	8/11/2022	6811	344	August	19.8	Medium Sales
Husein Augar	New Zealand	After Nines	8/4/2022	6433	7	August	919	Medium Sales
Andria Kimpton	New Zealand	Orange Choco	6/14/2022	8169	88	June	92.8	Medium Sales
Dennison Crosswaite	UK	Baker's Choco Chips	1/17/2022	2275	275	January	8.3	Low Sales
Jehu Rudeforth	Canada	Orange Choco	6/23/2022	3857	512	June	7.5	Low Sales
Jehu Rudeforth	UK	Smooth Sliky Salty	8/24/2022	1463	113	August	12.9	Low Sales
Andria Kimpton	UK	Caramel Stuffed Bars	6/7/2022	7924	275	June	28.8	Medium Sales
Jan Morforth	UK	White Choc	6/22/2022	8799	47	June	187.2	Medium Sales
Dotty Strutley	USA	Fruit & Nut Bars	7/13/2022	2898	276	July	10.5	Low Sales
Kelci Walkden	UK	Choco Coated Almonds	5/24/2022	9506	212	May	44.8	Medium Sales
Gunar Cockshoot	New Zealand	After Nines	8/9/2022	7175	145	August	49.5	Medium Sales
Kaine Padly	Canada	85% Dark Bars	4/6/2022	1729	31	April	55.8	Low Sales
Jan Morforth	New Zealand	Manuka Honey Choco	7/28/2022	1589	271	July	5.9	Low Sales
Gunar Cockshoot	New Zealand	Raspberry Choco	8/24/2022	630	52	August	12.1	Low Sales
Van Tuxwell	Australia	99% Dark & Pure	1/17/2022	112	128	January	0.9	Low Sales
Curtice Advani	USA	Drinking Coco	2/7/2022	5187	142	February	36.5	Medium Sales
Brien Boise	Australia	Spicy Special Slims	5/9/2022	6223	256	May	24.3	Medium Sales
Mallorie Waber	New Zealand	85% Dark Bars	6/6/2022	7714	106	June	72.8	Medium Sales
Wilone O'Kielt	USA	Choco Coated Almonds	6/6/2022	9457	6	June	1576.2	Medium Sales
Beverie Moffet	New Zealand	Organic Choco Syrup	5/24/2022	6678	226	May	29.5	Medium Sales
Gunar Cockshoot	UK	50% Dark Bites	1/13/2022	2107	121	January	17.4	Low Sales
Marney O'Breen	USA	Raspberry Choco	5/23/2022	6069	151	May	40.2	Medium Sales
Jehu Rudeforth	UK	White Choc	6/29/2022	1862	284	June	6.6	Low Sales
Jehu Rudeforth	New Zealand	85% Dark Bars	3/11/2022	6972	89	March	78.3	Medium Sales
Dotty Strutley	USA	85% Dark Bars	4/25/2022	10220	508	April	20.1	High Sales
Rafaelita Blaksland	Australia	Smooth Sliky Salty	5/30/2022	3969	243	May	16.3	Low Sales
Curtice Advani	India	Manuka Honey Choco	5/23/2022	1547	170	May	9.1	Low Sales
Mallorie Waber	USA	Peanut Butter Cubes	5/23/2022	1162	18	May	64.6	Low Sales
Van Tuxwell	Canada	Peanut Butter Cubes	6/24/2022	6342	282	June	22.5	Medium Sales
Kelci Walkden	New Zealand	Smooth Sliky Salty	3/11/2022	10633	277	March	38.4	High Sales
Rafaelita Blaksland	USA	Smooth Sliky Salty	7/27/2022	15057	212	July	71	High Sales
Rafaelita Blaksland	USA	White Choc	8/16/2022	4704	126	August	37.3	Low Sales
Roddy Speechley	Canada	Smooth Sliky Salty	3/7/2022	9338	11	March	848.9	Medium Sales
Curtice Advani	New Zealand	After Nines	4/5/2022	7959	30	April	265.3	Medium Sales
Camilla Castle	India	85% Dark Bars	5/4/2022	9023	51	May	176.9	Medium Sales
Ches Bonnell	USA	Choco Coated Almonds	1/4/2022	14525	92	January	157.9	High Sales
Marney O'Breen	Australia	Baker's Choco Chips	1/13/2022	5810	101	January	57.5	Medium Sales
Wilone O'Kielt	New Zealand	Fruit & Nut Bars	7/11/2022	6426	98	July	65.6	Medium Sales
Kaine Padly	Australia	Mint Chip Choco	5/17/2022	4403	159	May	27.7	Low Sales
Camilla Castle	New Zealand	Peanut Butter Cubes	7/21/2022	1582	62	July	25.5	Low Sales
Curtice Advani	Canada	Organic Choco Syrup	2/22/2022	791	22	February	36	Low Sales
Jan Morforth	India	99% Dark & Pure	5/23/2022	9100	187	May	48.7	Medium Sales
Rafaelita Blaksland	Canada	Drinking Coco	7/12/2022	9884	200	July	49.4	Medium Sales
Jan Morforth	UK	Orange Choco	6/15/2022	3780	201	June	18.8	Low Sales
Barr Faughny	New Zealand	50% Dark Bites	6/23/2022	4557	308	June	14.8	Low Sales
Curtice Advani	Australia	Eclairs	3/25/2022	5796	55	March	105.4	Medium Sales
Jan Morforth	India	Caramel Stuffed Bars	7/4/2022	84	153	July	0.5	Low Sales
Andria Kimpton	UK	White Choc	5/12/2022	9037	101	May	89.5	Medium Sales
Camilla Castle	New Zealand	Raspberry Choco	4/4/2022	4746	137	April	34.6	Low Sales
Madelene Upcott	Australia	Orange Choco	4/15/2022	6713	398	April	16.9	Medium Sales
Roddy Speechley	Canada	Eclairs	3/8/2022	6237	88	March	70.9	Medium Sales
Karlen McCaffrey	India	White Choc	1/17/2022	7483	232	January	32.3	Medium Sales
Wilone O'Kielt	India	Mint Chip Choco	8/22/2022	1309	51	August	25.7	Low Sales
Andria Kimpton	UK	99% Dark & Pure	7/25/2022	1155	66	July	17.5	Low Sales
Marney O'Breen	UK	50% Dark Bites	6/14/2022	2989	124	June	24.1	Low Sales
Ches Bonnell	India	Choco Coated Almonds	4/5/2022	9625	78	April	123.4	Medium Sales
Madelene Upcott	UK	Raspberry Choco	8/26/2022	7357	341	August	21.6	Medium Sales
Wilone O'Kielt	Australia	50% Dark Bites	8/3/2022	10031	114	August	88	High Sales
Gigi Bohling	Canada	White Choc	7/11/2022	6587	4	July	1646.8	Medium Sales
Wilone O'Kielt	New Zealand	Eclairs	3/11/2022	3311	22	March	150.5	Low Sales
Brien Boise	UK	Peanut Butter Cubes	1/10/2022	15330	30	January	511	High Sales
Roddy Speechley	UK	Baker's Choco Chips	4/4/2022	14028	351	April	40	High Sales
Karlen McCaffrey	Australia	50% Dark Bites	1/17/2022	6678	708	January	9.4	Medium Sales
Marney O'Breen	New Zealand	Organic Choco Syrup	7/8/2022	8624	50	July	172.5	Medium Sales
Jan Morforth	UK	Organic Choco Syrup	4/12/2022	1197	356	April	3.4	Low Sales
Rafaelita Blaksland	Canada	Fruit & Nut Bars	8/24/2022	483	185	August	2.6	Low Sales
Ches Bonnell	UK	Choco Coated Almonds	6/7/2022	1687	236	June	7.1	Low Sales
Gunar Cockshoot	Canada	Almond Choco	7/28/2022	1309	30	July	43.6	Low Sales
Husein Augar	USA	99% Dark & Pure	2/21/2022	9534	111	February	85.9	Medium Sales
Dennison Crosswaite	Canada	Mint Chip Choco	4/8/2022	1694	289	April	5.9	Low Sales
Brien Boise	UK	Manuka Honey Choco	6/28/2022	70	103	June	0.7	Low Sales
Van Tuxwell	UK	Baker's Choco Chips	3/24/2022	2443	20	March	122.2	Low Sales
Barr Faughny	Australia	Caramel Stuffed Bars	7/29/2022	2933	55	July	53.3	Low Sales
Dennison Crosswaite	USA	Eclairs	5/25/2022	2044	90	May	22.7	Low Sales
Gigi Bohling	Australia	Raspberry Choco	3/30/2022	6524	303	March	21.5	Medium Sales
Dennison Crosswaite	USA	Organic Choco Syrup	7/18/2022	12656	126	July	100.4	High Sales
Beverie Moffet	Canada	Orange Choco	5/10/2022	8722	109	May	80	Medium Sales
Mallorie Waber	Australia	Choco Coated Almonds	3/18/2022	15750	92	March	171.2	High Sales
Ches Bonnell	India	Caramel Stuffed Bars	6/15/2022	6839	56	June	122.1	Medium Sales
Van Tuxwell	Canada	50% Dark Bites	5/12/2022	13685	58	May	235.9	High Sales
Kelci Walkden	New Zealand	Baker's Choco Chips	6/23/2022	2912	110	June	26.5	Low Sales
Beverie Moffet	India	Spicy Special Slims	4/21/2022	3339	171	April	19.5	Low Sales
Gigi Bohling	Australia	Almond Choco	8/17/2022	910	117	August	7.8	Low Sales
Rafaelita Blaksland	New Zealand	Eclairs	2/7/2022	19481	51	February	382	High Sales
Kelci Walkden	Canada	Smooth Sliky Salty	3/17/2022	8099	118	March	68.6	Medium Sales
Jan Morforth	India	Baker's Choco Chips	8/1/2022	13727	79	August	173.8	High Sales
Jehu Rudeforth	Australia	Milk Bars	3/18/2022	8659	29	March	298.6	Medium Sales
Gigi Bohling	Canada	Fruit & Nut Bars	6/14/2022	5782	103	June	56.1	Medium Sales
Beverie Moffet	UK	Eclairs	4/22/2022	8463	155	April	54.6	Medium Sales
Marney O'Breen	New Zealand	Eclairs	1/18/2022	4914	31	January	158.5	Low Sales
Husein Augar	Australia	99% Dark & Pure	8/26/2022	3087	128	August	24.1	Low Sales
Gunar Cockshoot	New Zealand	Fruit & Nut Bars	6/10/2022	9205	419	June	22	Medium Sales
Curtice Advani	Canada	70% Dark Bites	1/31/2022	2303	7	January	329	Low Sales
Kelci Walkden	New Zealand	Manuka Honey Choco	4/8/2022	1358	106	April	12.8	Low Sales
Dotty Strutley	Australia	Baker's Choco Chips	6/7/2022	3605	68	June	53	Low Sales
Barr Faughny	Australia	85% Dark Bars	2/10/2022	8498	44	February	193.1	Medium Sales
Beverie Moffet	Australia	50% Dark Bites	5/16/2022	700	457	May	1.5	Low Sales
Gunar Cockshoot	India	Baker's Choco Chips	3/18/2022	2191	524	March	4.2	Low Sales
Van Tuxwell	Australia	50% Dark Bites	7/13/2022	644	137	July	4.7	Low Sales
Oby Sorrel	USA	Manuka Honey Choco	7/25/2022	4340	86	July	50.5	Low Sales
Van Tuxwell	Canada	Choco Coated Almonds	8/19/2022	2282	296	August	7.7	Low Sales
Karlen McCaffrey	Canada	70% Dark Bites	6/24/2022	7714	597	June	12.9	Medium Sales
Kelci Walkden	Canada	Fruit & Nut Bars	6/20/2022	826	149	June	5.5	Low Sales
Camilla Castle	India	99% Dark & Pure	8/2/2022	203	207	August	1	Low Sales
Madelene Upcott	New Zealand	70% Dark Bites	2/22/2022	13356	93	February	143.6	High Sales
Mallorie Waber	New Zealand	Orange Choco	2/1/2022	6510	23	February	283	Medium Sales
Jan Morforth	Canada	70% Dark Bites	2/14/2022	5894	305	February	19.3	Medium Sales
Kelci Walkden	Australia	Milk Bars	2/24/2022	7910	125	February	63.3	Medium Sales
Dennison Crosswaite	India	Orange Choco	3/18/2022	784	129	March	6.1	Low Sales
Husein Augar	UK	Eclairs	8/30/2022	1750	252	August	6.9	Low Sales
Gigi Bohling	USA	Peanut Butter Cubes	5/9/2022	280	75	May	3.7	Low Sales
Wilone O'Kielt	USA	Smooth Sliky Salty	1/18/2022	504	87	January	5.8	Low Sales
Curtice Advani	India	White Choc	7/4/2022	7154	342	July	20.9	Medium Sales
Oby Sorrel	New Zealand	Spicy Special Slims	6/3/2022	1617	13	June	124.4	Low Sales
Beverie Moffet	New Zealand	Peanut Butter Cubes	2/23/2022	10822	30	February	360.7	High Sales
Dotty Strutley	New Zealand	99% Dark & Pure	5/9/2022	10724	203	May	52.8	High Sales
Kelci Walkden	India	70% Dark Bites	6/6/2022	3640	106	June	34.3	Low Sales
Kelci Walkden	India	Drinking Coco	7/4/2022	7532	234	July	32.2	Medium Sales
Brien Boise	New Zealand	Drinking Coco	6/6/2022	1582	100	June	15.8	Low Sales
Dotty Strutley	Australia	Almond Choco	5/13/2022	1456	91	May	16	Low Sales
Wilone O'Kielt	New Zealand	Organic Choco Syrup	1/31/2022	2016	277	January	7.3	Low Sales
Ches Bonnell	New Zealand	Caramel Stuffed Bars	6/30/2022	7588	42	June	180.7	Medium Sales
Barr Faughny	Canada	Manuka Honey Choco	8/25/2022	3402	249	August	13.7	Low Sales
Gigi Bohling	New Zealand	Smooth Sliky Salty	1/10/2022	700	97	January	7.2	Low Sales
Brien Boise	USA	Manuka Honey Choco	8/22/2022	1904	8	August	238	Low Sales
Roddy Speechley	New Zealand	85% Dark Bars	4/14/2022	4844	275	April	17.6	Low Sales
Oby Sorrel	UK	Smooth Sliky Salty	5/31/2022	9625	313	May	30.8	Medium Sales
Oby Sorrel	UK	Raspberry Choco	4/8/2022	4599	323	April	14.2	Low Sales
Roddy Speechley	USA	Drinking Coco	2/21/2022	3003	155	February	19.4	Low Sales
Andria Kimpton	Australia	Manuka Honey Choco	3/30/2022	9744	377	March	25.8	Medium Sales
Mallorie Waber	India	Raspberry Choco	3/2/2022	1400	2	March	700	Low Sales
Jehu Rudeforth	USA	Orange Choco	7/28/2022	364	170	July	2.1	Low Sales
Kaine Padly	New Zealand	70% Dark Bites	3/24/2022	7231	38	March	190.3	Medium Sales
Curtice Advani	Australia	After Nines	8/11/2022	63	105	August	0.6	Low Sales
Husein Augar	UK	Almond Choco	5/17/2022	8309	166	May	50.1	Medium Sales
Kaine Padly	Canada	Choco Coated Almonds	5/18/2022	3164	164	May	19.3	Low Sales
Roddy Speechley	UK	Peanut Butter Cubes	8/17/2022	5691	171	August	33.3	Medium Sales
Ches Bonnell	New Zealand	Eclairs	4/4/2022	490	49	April	10	Low Sales
Brien Boise	India	85% Dark Bars	8/9/2022	18032	205	August	88	High Sales
Brien Boise	New Zealand	Organic Choco Syrup	1/17/2022	637	313	January	2	Low Sales
Andria Kimpton	Canada	White Choc	2/14/2022	4067	29	February	140.2	Low Sales
Gigi Bohling	New Zealand	Orange Choco	5/16/2022	8204	307	May	26.7	Medium Sales
Ches Bonnell	Canada	Smooth Sliky Salty	3/16/2022	9870	121	March	81.6	Medium Sales
Husein Augar	Canada	70% Dark Bites	1/31/2022	5131	285	January	18	Medium Sales
Barr Faughny	Canada	Organic Choco Syrup	3/10/2022	1141	205	March	5.6	Low Sales
Oby Sorrel	UK	Organic Choco Syrup	6/30/2022	7980	157	June	50.8	Medium Sales
Van Tuxwell	New Zealand	Eclairs	3/1/2022	5229	182	March	28.7	Medium Sales
Mallorie Waber	UK	Drinking Coco	5/27/2022	3423	100	May	34.2	Low Sales
Oby Sorrel	UK	Milk Bars	7/11/2022	6468	223	July	29	Medium Sales
Karlen McCaffrey	New Zealand	Mint Chip Choco	3/2/2022	4326	61	March	70.9	Low Sales
Jehu Rudeforth	USA	Raspberry Choco	3/4/2022	7154	133	March	53.8	Medium Sales
Kelci Walkden	UK	85% Dark Bars	6/23/2022	3997	228	June	17.5	Low Sales
Kelci Walkden	USA	Almond Choco	1/27/2022	5180	233	January	22.2	Medium Sales
Marney O'Breen	Canada	Orange Choco	1/14/2022	2723	425	January	6.4	Low Sales
Dennison Crosswaite	India	Fruit & Nut Bars	7/29/2022	952	24	July	39.7	Low Sales
Brien Boise	Canada	Smooth Sliky Salty	5/13/2022	5691	495	May	11.5	Medium Sales
Barr Faughny	Canada	Baker's Choco Chips	2/3/2022	10969	170	February	64.5	High Sales
Brien Boise	India	Smooth Sliky Salty	5/27/2022	5964	26	May	229.4	Medium Sales
Jan Morforth	Australia	Drinking Coco	2/18/2022	2821	24	February	117.5	Low Sales
Brien Boise	India	Spicy Special Slims	1/28/2022	1302	33	January	39.5	Low Sales
Van Tuxwell	UK	Eclairs	6/29/2022	5474	109	June	50.2	Medium Sales
Wilone O'Kielt	India	Caramel Stuffed Bars	1/13/2022	4179	276	January	15.1	Low Sales
Jehu Rudeforth	UK	After Nines	6/27/2022	1946	164	June	11.9	Low Sales
Barr Faughny	Canada	White Choc	3/29/2022	4291	1	March	4291	Low Sales
Gunar Cockshoot	India	Organic Choco Syrup	6/3/2022	7196	160	June	45	Medium Sales
Mallorie Waber	Canada	Smooth Sliky Salty	3/21/2022	1939	98	March	19.8	Low Sales
Mallorie Waber	India	Eclairs	4/12/2022	10437	46	April	226.9	High Sales
Rafaelita Blaksland	Australia	Raspberry Choco	1/19/2022	6916	259	January	26.7	Medium Sales
Karlen McCaffrey	UK	50% Dark Bites	4/6/2022	3647	310	April	11.8	Low Sales
Kaine Padly	Australia	50% Dark Bites	8/2/2022	8995	78	August	115.3	Medium Sales
Gigi Bohling	Australia	Eclairs	4/12/2022	7252	136	April	53.3	Medium Sales
Oby Sorrel	India	Drinking Coco	7/21/2022	16380	130	July	126	High Sales
Van Tuxwell	New Zealand	Baker's Choco Chips	3/22/2022	9660	24	March	402.5	Medium Sales
Husein Augar	India	Peanut Butter Cubes	5/9/2022	4522	5	May	904.4	Low Sales
Andria Kimpton	Australia	Baker's Choco Chips	8/9/2022	329	109	August	3	Low Sales
Madelene Upcott	Canada	Choco Coated Almonds	7/20/2022	3458	294	July	11.8	Low Sales
Brien Boise	India	70% Dark Bites	4/14/2022	4641	413	April	11.2	Low Sales
Jehu Rudeforth	Canada	White Choc	1/25/2022	4627	136	January	34	Low Sales
Andria Kimpton	Australia	Almond Choco	4/25/2022	3192	175	April	18.2	Low Sales
Dotty Strutley	Canada	After Nines	1/17/2022	252	237	January	1.1	Low Sales
Karlen McCaffrey	USA	Eclairs	8/15/2022	868	125	August	6.9	Low Sales
Karlen McCaffrey	Canada	Fruit & Nut Bars	6/2/2022	210	16	June	13.1	Low Sales
Gunar Cockshoot	USA	85% Dark Bars	6/30/2022	7007	135	June	51.9	Medium Sales
Dotty Strutley	New Zealand	Raspberry Choco	2/10/2022	5845	91	February	64.2	Medium Sales
Marney O'Breen	Canada	Caramel Stuffed Bars	2/23/2022	1372	614	February	2.2	Low Sales
Dennison Crosswaite	India	Organic Choco Syrup	1/27/2022	8428	216	January	39	Medium Sales
Camilla Castle	UK	Mint Chip Choco	5/26/2022	4977	317	May	15.7	Low Sales
Brien Boise	USA	70% Dark Bites	4/14/2022	1694	21	April	80.7	Low Sales
Madelene Upcott	Australia	99% Dark & Pure	8/1/2022	4326	154	August	28.1	Low Sales
Mallorie Waber	Australia	Eclairs	8/22/2022	9527	222	August	42.9	Medium Sales
Marney O'Breen	India	99% Dark & Pure	7/22/2022	10766	157	July	68.6	High Sales
Husein Augar	USA	Fruit & Nut Bars	4/28/2022	1288	27	April	47.7	Low Sales
Kelci Walkden	Australia	Almond Choco	5/30/2022	4879	350	May	13.9	Low Sales
Ches Bonnell	USA	Milk Bars	7/21/2022	2408	157	July	15.3	Low Sales
Jan Morforth	UK	Caramel Stuffed Bars	8/2/2022	3094	468	August	6.6	Low Sales
Brien Boise	New Zealand	70% Dark Bites	6/15/2022	7231	130	June	55.6	Medium Sales
Oby Sorrel	India	85% Dark Bars	7/5/2022	8981	130	July	69.1	Medium Sales
Kaine Padly	New Zealand	Smooth Sliky Salty	4/12/2022	7	518	April	0	Low Sales
Gigi Bohling	Australia	70% Dark Bites	8/18/2022	1372	105	August	13.1	Low Sales
Jan Morforth	UK	50% Dark Bites	1/12/2022	5250	293	January	17.9	Medium Sales
Gunar Cockshoot	Canada	White Choc	8/11/2022	7560	15	August	504	Medium Sales
Jehu Rudeforth	Australia	Spicy Special Slims	1/13/2022	5012	384	January	13.1	Medium Sales
Husein Augar	UK	Baker's Choco Chips	4/29/2022	3038	135	April	22.5	Low Sales
Rafaelita Blaksland	New Zealand	After Nines	7/7/2022	1099	92	July	11.9	Low Sales
Madelene Upcott	New Zealand	Mint Chip Choco	3/11/2022	7413	4	March	1853.3	Medium Sales
Madelene Upcott	UK	70% Dark Bites	2/16/2022	5397	239	February	22.6	Medium Sales
Barr Faughny	Australia	Organic Choco Syrup	1/7/2022	2303	33	January	69.8	Low Sales
Beverie Moffet	New Zealand	Drinking Coco	1/12/2022	1141	518	January	2.2	Low Sales
Beverie Moffet	India	Eclairs	6/9/2022	10325	147	June	70.2	High Sales
Andria Kimpton	India	Eclairs	5/16/2022	2149	84	May	25.6	Low Sales
Gigi Bohling	UK	85% Dark Bars	6/23/2022	12362	94	June	131.5	High Sales
Roddy Speechley	UK	Raspberry Choco	1/28/2022	12635	194	January	65.1	High Sales
Dotty Strutley	UK	Mint Chip Choco	7/14/2022	2443	216	July	11.3	Low Sales
Barr Faughny	Canada	Drinking Coco	4/18/2022	6237	247	April	25.3	Medium Sales
Oby Sorrel	USA	Milk Bars	6/14/2022	1736	79	June	22	Low Sales
Oby Sorrel	UK	Orange Choco	4/15/2022	7315	237	April	30.9	Medium Sales
Curtice Advani	Canada	Peanut Butter Cubes	5/19/2022	4935	63	May	78.3	Low Sales
Gigi Bohling	India	White Choc	4/13/2022	1393	172	April	8.1	Low Sales
Husein Augar	Canada	Choco Coated Almonds	8/15/2022	3381	408	August	8.3	Low Sales
Wilone O'Kielt	India	Choco Coated Almonds	8/22/2022	2933	233	August	12.6	Low Sales
Wilone O'Kielt	New Zealand	Baker's Choco Chips	4/22/2022	3836	59	April	65	Low Sales
Kaine Padly	UK	Choco Coated Almonds	8/3/2022	8022	123	August	65.2	Medium Sales
Dennison Crosswaite	New Zealand	Organic Choco Syrup	1/4/2022	371	229	January	1.6	Low Sales
Kelci Walkden	Canada	After Nines	1/13/2022	16702	198	January	84.4	High Sales
Van Tuxwell	Australia	Baker's Choco Chips	5/11/2022	13258	32	May	414.3	High Sales
Husein Augar	New Zealand	Peanut Butter Cubes	2/16/2022	2058	236	February	8.7	Low Sales
Kaine Padly	UK	Caramel Stuffed Bars	5/20/2022	10192	67	May	152.1	High Sales
Jehu Rudeforth	UK	Drinking Coco	2/3/2022	7140	438	February	16.3	Medium Sales
Beverie Moffet	India	Manuka Honey Choco	5/6/2022	9835	167	May	58.9	Medium Sales
Gunar Cockshoot	UK	Choco Coated Almonds	6/30/2022	5775	135	June	42.8	Medium Sales
Gunar Cockshoot	UK	Smooth Sliky Salty	3/22/2022	749	148	March	5.1	Low Sales
Camilla Castle	Canada	Orange Choco	2/17/2022	7770	54	February	143.9	Medium Sales
Jehu Rudeforth	UK	85% Dark Bars	7/7/2022	5502	64	July	86	Medium Sales
Oby Sorrel	UK	70% Dark Bites	3/16/2022	6223	181	March	34.4	Medium Sales
Kelci Walkden	UK	99% Dark & Pure	8/12/2022	3507	114	August	30.8	Low Sales
Gigi Bohling	New Zealand	After Nines	1/21/2022	5600	181	January	30.9	Medium Sales
Oby Sorrel	Australia	50% Dark Bites	5/6/2022	721	151	May	4.8	Low Sales
Oby Sorrel	Canada	50% Dark Bites	6/24/2022	6615	137	June	48.3	Medium Sales
Barr Faughny	USA	White Choc	5/5/2022	7420	163	May	45.5	Medium Sales
Rafaelita Blaksland	New Zealand	99% Dark & Pure	3/25/2022	3164	84	March	37.7	Low Sales
Curtice Advani	Australia	Caramel Stuffed Bars	2/14/2022	9114	140	February	65.1	Medium Sales
Curtice Advani	New Zealand	85% Dark Bars	5/12/2022	5404	187	May	28.9	Medium Sales
Barr Faughny	New Zealand	Smooth Sliky Salty	1/25/2022	3990	169	January	23.6	Low Sales
Ches Bonnell	UK	85% Dark Bars	6/28/2022	14924	12	June	1243.7	High Sales
Dennison Crosswaite	Australia	Drinking Coco	7/13/2022	7091	194	July	36.6	Medium Sales
Roddy Speechley	USA	Milk Bars	5/16/2022	2807	252	May	11.1	Low Sales
Jan Morforth	India	After Nines	3/14/2022	6496	168	March	38.7	Medium Sales
Gunar Cockshoot	USA	After Nines	8/15/2022	3738	261	August	14.3	Low Sales
Ches Bonnell	India	Orange Choco	2/16/2022	1190	256	February	4.6	Low Sales
Mallorie Waber	UK	Manuka Honey Choco	6/15/2022	8379	43	June	194.9	Medium Sales
Barr Faughny	Australia	Raspberry Choco	5/27/2022	9268	100	May	92.7	Medium Sales
Wilone O'Kielt	USA	Drinking Coco	6/14/2022	1029	98	June	10.5	Low Sales
Wilone O'Kielt	India	Eclairs	2/25/2022	3549	76	February	46.7	Low Sales
Wilone O'Kielt	India	After Nines	8/4/2022	12026	262	August	45.9	High Sales
Kelci Walkden	India	99% Dark & Pure	6/28/2022	2303	244	June	9.4	Low Sales
Gunar Cockshoot	Canada	Spicy Special Slims	4/5/2022	13405	12	April	1117.1	High Sales
Madelene Upcott	Canada	Peanut Butter Cubes	7/5/2022	14763	113	July	130.6	High Sales
Kaine Padly	New Zealand	Eclairs	1/20/2022	12894	48	January	268.6	High Sales
Ches Bonnell	New Zealand	Drinking Coco	2/16/2022	8302	131	February	63.4	Medium Sales
Curtice Advani	UK	Drinking Coco	7/12/2022	455	174	July	2.6	Low Sales
Kelci Walkden	India	Raspberry Choco	6/16/2022	8183	254	June	32.2	Medium Sales
Dotty Strutley	Australia	Choco Coated Almonds	4/13/2022	1645	284	April	5.8	Low Sales
Kaine Padly	UK	50% Dark Bites	2/21/2022	3143	67	February	46.9	Low Sales
Roddy Speechley	Canada	Choco Coated Almonds	5/11/2022	5873	249	May	23.6	Medium Sales
Ches Bonnell	India	50% Dark Bites	4/15/2022	11298	313	April	36.1	High Sales
Oby Sorrel	Canada	Peanut Butter Cubes	6/7/2022	12425	167	June	74.4	High Sales
Oby Sorrel	UK	White Choc	6/27/2022	1715	286	June	6	Low Sales
Barr Faughny	India	After Nines	7/29/2022	8190	109	July	75.1	Medium Sales
Wilone O'Kielt	Canada	Smooth Sliky Salty	6/2/2022	4991	166	June	30.1	Low Sales
Rafaelita Blaksland	India	Mint Chip Choco	1/26/2022	15491	85	January	182.2	High Sales
Rafaelita Blaksland	Canada	99% Dark & Pure	3/2/2022	5096	142	March	35.9	Medium Sales
Van Tuxwell	Australia	70% Dark Bites	1/10/2022	7063	104	January	67.9	Medium Sales
Beverie Moffet	USA	70% Dark Bites	6/27/2022	2275	115	June	19.8	Low Sales
Barr Faughny	Canada	Orange Choco	6/30/2022	7602	18	June	422.3	Medium Sales
Roddy Speechley	Australia	85% Dark Bars	7/8/2022	4200	80	July	52.5	Low Sales
Oby Sorrel	India	Spicy Special Slims	6/8/2022	11137	88	June	126.6	High Sales
Jan Morforth	UK	Manuka Honey Choco	8/18/2022	3388	212	August	16	Low Sales
Kaine Padly	Australia	After Nines	4/8/2022	6832	306	April	22.3	Medium Sales
Wilone O'Kielt	Canada	Fruit & Nut Bars	8/8/2022	3437	181	August	19	Low Sales
Wilone O'Kielt	UK	Milk Bars	8/26/2022	301	65	August	4.6	Low Sales
Oby Sorrel	Canada	Fruit & Nut Bars	1/14/2022	1869	158	January	11.8	Low Sales
Dennison Crosswaite	USA	Baker's Choco Chips	8/11/2022	17465	271	August	64.4	High Sales
Madelene Upcott	USA	Almond Choco	5/31/2022	10143	24	May	422.6	High Sales
Van Tuxwell	New Zealand	50% Dark Bites	7/11/2022	3626	10	July	362.6	Low Sales
Karlen McCaffrey	Canada	Caramel Stuffed Bars	3/2/2022	3346	304	March	11	Low Sales
Madelene Upcott	Australia	Raspberry Choco	7/13/2022	6321	88	July	71.8	Medium Sales
Rafaelita Blaksland	UK	Spicy Special Slims	8/3/2022	9345	133	August	70.3	Medium Sales
Curtice Advani	UK	Peanut Butter Cubes	3/1/2022	15008	165	March	91	High Sales
Kelci Walkden	New Zealand	White Choc	4/13/2022	7609	150	April	50.7	Medium Sales
Beverie Moffet	Canada	Fruit & Nut Bars	2/14/2022	10332	180	February	57.4	High Sales
Mallorie Waber	India	White Choc	7/26/2022	819	213	July	3.8	Low Sales
Brien Boise	UK	Drinking Coco	1/27/2022	5754	133	January	43.3	Medium Sales
Jehu Rudeforth	India	Peanut Butter Cubes	4/14/2022	28	446	April	0.1	Low Sales
Oby Sorrel	USA	Almond Choco	5/19/2022	6440	141	May	45.7	Medium Sales
Husein Augar	India	Eclairs	2/9/2022	4956	58	February	85.4	Low Sales
Brien Boise	UK	Spicy Special Slims	5/25/2022	2352	58	May	40.6	Low Sales
Oby Sorrel	Australia	Manuka Honey Choco	1/26/2022	3906	76	January	51.4	Low Sales
Beverie Moffet	India	White Choc	7/4/2022	1813	296	July	6.1	Low Sales
Ches Bonnell	India	Almond Choco	4/13/2022	11788	73	April	161.5	High Sales
Gigi Bohling	Australia	Smooth Sliky Salty	1/25/2022	5768	119	January	48.5	Medium Sales
Camilla Castle	USA	85% Dark Bars	4/25/2022	2401	78	April	30.8	Low Sales
Camilla Castle	USA	Eclairs	6/10/2022	4515	392	June	11.5	Low Sales
Madelene Upcott	New Zealand	White Choc	8/22/2022	10794	51	August	211.6	High Sales
Van Tuxwell	India	After Nines	6/27/2022	13706	207	June	66.2	High Sales
Husein Augar	India	Orange Choco	6/30/2022	4361	40	June	109	Low Sales
Jehu Rudeforth	India	Almond Choco	8/30/2022	10122	100	August	101.2	High Sales
Karlen McCaffrey	Australia	Raspberry Choco	8/23/2022	994	57	August	17.4	Low Sales
Camilla Castle	New Zealand	99% Dark & Pure	8/26/2022	2268	42	August	54	Low Sales
Gigi Bohling	Australia	Orange Choco	3/9/2022	574	156	March	3.7	Low Sales
Kelci Walkden	UK	Drinking Coco	4/20/2022	1792	23	April	77.9	Low Sales
Mallorie Waber	Canada	Caramel Stuffed Bars	6/10/2022	4844	539	June	9	Low Sales
Husein Augar	Australia	Organic Choco Syrup	2/8/2022	938	158	February	5.9	Low Sales
Brien Boise	Australia	White Choc	8/25/2022	4879	22	August	221.8	Low Sales
Dotty Strutley	India	Peanut Butter Cubes	2/16/2022	9107	73	February	124.8	Medium Sales
Dennison Crosswaite	UK	99% Dark & Pure	5/30/2022	12187	27	May	451.4	High Sales
Gigi Bohling	New Zealand	50% Dark Bites	6/29/2022	5670	64	June	88.6	Medium Sales
Gigi Bohling	USA	Milk Bars	6/16/2022	476	133	June	3.6	Low Sales
Brien Boise	UK	Caramel Stuffed Bars	3/4/2022	2681	149	March	18	Low Sales
Curtice Advani	New Zealand	Peanut Butter Cubes	3/15/2022	1533	434	March	3.5	Low Sales
Curtice Advani	New Zealand	50% Dark Bites	1/27/2022	9765	85	January	114.9	Medium Sales
Beverie Moffet	Canada	Drinking Coco	7/5/2022	994	118	July	8.4	Low Sales
Barr Faughny	USA	Caramel Stuffed Bars	3/29/2022	3318	299	March	11.1	Low Sales
Mallorie Waber	Canada	Almond Choco	5/12/2022	4214	35	May	120.4	Low Sales
Oby Sorrel	USA	Drinking Coco	3/11/2022	7714	44	March	175.3	Medium Sales
Brien Boise	New Zealand	Eclairs	7/11/2022	4690	299	July	15.7	Low Sales
Gunar Cockshoot	New Zealand	Choco Coated Almonds	8/1/2022	13062	62	August	210.7	High Sales
Gunar Cockshoot	UK	Spicy Special Slims	2/16/2022	12488	200	February	62.4	High Sales
Curtice Advani	USA	After Nines	4/13/2022	14147	235	April	60.2	High Sales
Oby Sorrel	India	Choco Coated Almonds	2/14/2022	49	363	February	0.1	Low Sales
Ches Bonnell	Australia	Peanut Butter Cubes	3/14/2022	10199	68	March	150	High Sales
Oby Sorrel	Australia	Spicy Special Slims	4/26/2022	11389	26	April	438	High Sales
Jehu Rudeforth	Canada	Manuka Honey Choco	4/5/2022	3584	200	April	17.9	Low Sales
Camilla Castle	Canada	Drinking Coco	3/3/2022	12481	264	March	47.3	High Sales
Kaine Padly	USA	Spicy Special Slims	6/13/2022	2107	175	June	12	Low Sales
Marney O'Breen	New Zealand	70% Dark Bites	2/14/2022	8603	352	February	24.4	Medium Sales
Roddy Speechley	New Zealand	99% Dark & Pure	4/18/2022	7483	183	April	40.9	Medium Sales
Oby Sorrel	New Zealand	85% Dark Bars	2/1/2022	3381	417	February	8.1	Low Sales
Dotty Strutley	New Zealand	Orange Choco	8/4/2022	2030	146	August	13.9	Low Sales
Andria Kimpton	New Zealand	Almond Choco	4/5/2022	6559	158	April	41.5	Medium Sales
Karlen McCaffrey	Australia	99% Dark & Pure	1/26/2022	10822	168	January	64.4	High Sales
Kaine Padly	UK	After Nines	1/21/2022	18697	176	January	106.2	High Sales
Kaine Padly	Canada	After Nines	8/22/2022	5845	172	August	34	Medium Sales
Kaine Padly	UK	Drinking Coco	1/27/2022	2317	224	January	10.3	Low Sales
Rafaelita Blaksland	UK	50% Dark Bites	2/16/2022	10150	68	February	149.3	High Sales
Dotty Strutley	USA	Raspberry Choco	1/3/2022	3437	46	January	74.7	Low Sales
Karlen McCaffrey	USA	White Choc	8/24/2022	4592	2	August	2296	Low Sales
Oby Sorrel	USA	Spicy Special Slims	2/7/2022	5691	417	February	13.6	Medium Sales
Mallorie Waber	Australia	Smooth Sliky Salty	2/11/2022	4158	109	February	38.1	Low Sales
Kaine Padly	Canada	Organic Choco Syrup	3/29/2022	5684	81	March	70.2	Medium Sales
Marney O'Breen	USA	Peanut Butter Cubes	6/15/2022	693	350	June	2	Low Sales
Dennison Crosswaite	UK	Smooth Sliky Salty	4/26/2022	546	142	April	3.8	Low Sales
Brien Boise	Australia	Organic Choco Syrup	7/15/2022	4263	264	July	16.1	Low Sales
Beverie Moffet	India	Organic Choco Syrup	6/23/2022	1036	20	June	51.8	Low Sales
Dennison Crosswaite	Australia	Baker's Choco Chips	1/11/2022	13846	421	January	32.9	High Sales
Beverie Moffet	UK	50% Dark Bites	2/9/2022	2499	271	February	9.2	Low Sales
Van Tuxwell	UK	Almond Choco	6/6/2022	10689	204	June	52.4	High Sales
Dotty Strutley	UK	Caramel Stuffed Bars	8/10/2022	5768	235	August	24.5	Medium Sales
Wilone O'Kielt	Australia	Smooth Sliky Salty	1/4/2022	2226	46	January	48.4	Low Sales
Andria Kimpton	Canada	70% Dark Bites	4/8/2022	10262	15	April	684.1	High Sales
Barr Faughny	UK	Milk Bars	3/2/2022	3864	430	March	9	Low Sales
Van Tuxwell	Canada	Drinking Coco	6/15/2022	4900	709	June	6.9	Low Sales
Jehu Rudeforth	Australia	After Nines	2/14/2022	5250	47	February	111.7	Medium Sales
Husein Augar	UK	After Nines	7/5/2022	3507	380	July	9.2	Low Sales
Barr Faughny	India	Mint Chip Choco	1/12/2022	7413	465	January	15.9	Medium Sales
Curtice Advani	India	Mint Chip Choco	3/3/2022	8155	96	March	84.9	Medium Sales
Jehu Rudeforth	New Zealand	Milk Bars	5/18/2022	2478	188	May	13.2	Low Sales
Gunar Cockshoot	India	Caramel Stuffed Bars	7/28/2022	2471	202	July	12.2	Low Sales
Curtice Advani	UK	Manuka Honey Choco	2/7/2022	1666	106	February	15.7	Low Sales
Andria Kimpton	India	Orange Choco	5/30/2022	301	421	May	0.7	Low Sales
Mallorie Waber	Australia	Raspberry Choco	4/25/2022	8400	27	April	311.1	Medium Sales
Beverie Moffet	Canada	85% Dark Bars	2/16/2022	6139	45	February	136.4	Medium Sales
Kelci Walkden	Australia	Drinking Coco	5/4/2022	1288	60	May	21.5	Low Sales
Van Tuxwell	Canada	70% Dark Bites	6/2/2022	7077	77	June	91.9	Medium Sales
Dennison Crosswaite	USA	Caramel Stuffed Bars	7/11/2022	2317	464	July	5	Low Sales
Beverie Moffet	New Zealand	Spicy Special Slims	6/7/2022	63	60	June	1.1	Low Sales
Jan Morforth	UK	Almond Choco	7/6/2022	9744	157	July	62.1	Medium Sales
Husein Augar	India	Raspberry Choco	6/15/2022	9954	154	June	64.6	Medium Sales
Dotty Strutley	India	Mint Chip Choco	4/14/2022	1260	239	April	5.3	Low Sales
Camilla Castle	India	Drinking Coco	8/8/2022	469	163	August	2.9	Low Sales
Marney O'Breen	UK	Drinking Coco	3/29/2022	973	28	March	34.8	Low Sales
Roddy Speechley	Australia	Organic Choco Syrup	7/4/2022	3647	76	July	48	Low Sales
Ches Bonnell	India	99% Dark & Pure	2/16/2022	455	96	February	4.7	Low Sales
Rafaelita Blaksland	Canada	Spicy Special Slims	5/2/2022	2520	156	May	16.2	Low Sales
Van Tuxwell	India	Eclairs	7/21/2022	10500	106	July	99.1	High Sales
Gunar Cockshoot	Australia	99% Dark & Pure	8/18/2022	7952	235	August	33.8	Medium Sales
Kaine Padly	USA	85% Dark Bars	6/22/2022	483	259	June	1.9	Low Sales
Camilla Castle	UK	Peanut Butter Cubes	7/19/2022	4872	126	July	38.7	Low Sales
Madelene Upcott	UK	Peanut Butter Cubes	8/12/2022	7756	85	August	91.2	Medium Sales
Madelene Upcott	USA	Choco Coated Almonds	6/7/2022	5446	132	June	41.3	Medium Sales
Marney O'Breen	Canada	Peanut Butter Cubes	3/8/2022	6594	91	March	72.5	Medium Sales
Ches Bonnell	Australia	Choco Coated Almonds	4/8/2022	1470	167	April	8.8	Low Sales
Curtice Advani	Canada	Eclairs	5/6/2022	721	203	May	3.6	Low Sales
Roddy Speechley	India	Drinking Coco	5/31/2022	4494	11	May	408.5	Low Sales
Van Tuxwell	Australia	Mint Chip Choco	1/13/2022	2674	295	January	9.1	Low Sales
Dennison Crosswaite	USA	70% Dark Bites	3/15/2022	658	77	March	8.5	Low Sales
Andria Kimpton	Canada	Peanut Butter Cubes	2/16/2022	1127	319	February	3.5	Low Sales
Gigi Bohling	USA	70% Dark Bites	1/14/2022	7364	196	January	37.6	Medium Sales
Rafaelita Blaksland	Australia	White Choc	3/21/2022	6818	102	March	66.8	Medium Sales
Roddy Speechley	Canada	Drinking Coco	5/17/2022	6776	312	May	21.7	Medium Sales
Camilla Castle	New Zealand	85% Dark Bars	8/8/2022	15099	55	August	274.5	High Sales
Madelene Upcott	Canada	Milk Bars	4/26/2022	3612	82	April	44	Low Sales
Madelene Upcott	Australia	70% Dark Bites	4/15/2022	3710	260	April	14.3	Low Sales
Oby Sorrel	Canada	Eclairs	5/19/2022	6111	591	May	10.3	Medium Sales
Dennison Crosswaite	Canada	Drinking Coco	1/10/2022	2702	24	January	112.6	Low Sales
Mallorie Waber	New Zealand	After Nines	5/4/2022	483	228	May	2.1	Low Sales
Roddy Speechley	Canada	White Choc	4/5/2022	5887	268	April	22	Medium Sales
Andria Kimpton	India	After Nines	1/17/2022	952	68	January	14	Low Sales
Roddy Speechley	India	Spicy Special Slims	3/22/2022	10647	173	March	61.5	High Sales
Dotty Strutley	Australia	White Choc	7/5/2022	6055	93	July	65.1	Medium Sales
Oby Sorrel	Canada	Orange Choco	4/27/2022	8757	338	April	25.9	Medium Sales
Kaine Padly	Canada	Almond Choco	8/12/2022	6055	73	August	82.9	Medium Sales
Jan Morforth	UK	Baker's Choco Chips	3/11/2022	721	251	March	2.9	Low Sales
Jehu Rudeforth	UK	Fruit & Nut Bars	5/13/2022	8589	229	May	37.5	Medium Sales
Dennison Crosswaite	USA	Smooth Sliky Salty	5/12/2022	11781	91	May	129.5	High Sales
Brien Boise	USA	Raspberry Choco	1/12/2022	672	194	January	3.5	Low Sales
Madelene Upcott	New Zealand	Milk Bars	3/29/2022	12558	403	March	31.2	High Sales
Roddy Speechley	India	50% Dark Bites	3/14/2022	8337	12	March	694.8	Medium Sales
Barr Faughny	New Zealand	99% Dark & Pure	5/24/2022	8134	195	May	41.7	Medium Sales
Dennison Crosswaite	Canada	Organic Choco Syrup	1/28/2022	8491	75	January	113.2	Medium Sales
Beverie Moffet	India	Almond Choco	5/24/2022	3066	96	May	31.9	Low Sales
Brien Boise	Australia	Peanut Butter Cubes	8/19/2022	301	205	August	1.5	Low Sales
Karlen McCaffrey	Australia	Spicy Special Slims	5/17/2022	4410	323	May	13.7	Low Sales
Jehu Rudeforth	USA	White Choc	6/7/2022	6559	119	June	55.1	Medium Sales
Ches Bonnell	Canada	Organic Choco Syrup	7/26/2022	574	217	July	2.6	Low Sales
Dotty Strutley	India	Eclairs	7/28/2022	2086	384	July	5.4	Low Sales
Karlen McCaffrey	India	70% Dark Bites	5/23/2022	5075	344	May	14.8	Medium Sales
